candidate,cargo_type,context,query_type,query,count
miR-21,RNA,neurodegeneration,base,"(extracellular vesicle OR exosome OR exosomes) AND (neurodegeneration OR neurodegenerative OR Alzheimer OR Parkinson OR ""amyotrophic lateral sclerosis"" OR ALS OR frontotemporal dementia OR Huntington) AND (""miR-21"" OR ""microRNA-21"")",25
miR-21,RNA,neurodegeneration,biomarker,"(extracellular vesicle OR exosome OR exosomes) AND (neurodegeneration OR neurodegenerative OR Alzheimer OR Parkinson OR ""amyotrophic lateral sclerosis"" OR ALS OR frontotemporal dementia OR Huntington) AND (""miR-21"" OR ""microRNA-21"") AND (biomarker OR diagnostic OR prognostic OR plasma OR serum OR blood)",18
miR-21,RNA,neurodegeneration,mechanistic,"(extracellular vesicle OR exosome OR exosomes) AND (neurodegeneration OR neurodegenerative OR Alzheimer OR Parkinson OR ""amyotrophic lateral sclerosis"" OR ALS OR frontotemporal dementia OR Huntington) AND (""miR-21"" OR ""microRNA-21"") AND (knockdown OR overexpression OR inhibitor OR mediates OR transfer OR delivery OR caus*)",14
miR-21,RNA,tumor_metastasis,base,"(extracellular vesicle OR exosome OR exosomes) AND ((cancer OR tumor OR tumour) AND (metastasis OR metastatic OR premetastatic OR organotropism OR dissemination)) AND (""miR-21"" OR ""microRNA-21"")",127
miR-21,RNA,tumor_metastasis,biomarker,"(extracellular vesicle OR exosome OR exosomes) AND ((cancer OR tumor OR tumour) AND (metastasis OR metastatic OR premetastatic OR organotropism OR dissemination)) AND (""miR-21"" OR ""microRNA-21"") AND (biomarker OR diagnostic OR prognostic OR plasma OR serum OR blood)",96
miR-21,RNA,tumor_metastasis,mechanistic,"(extracellular vesicle OR exosome OR exosomes) AND ((cancer OR tumor OR tumour) AND (metastasis OR metastatic OR premetastatic OR organotropism OR dissemination)) AND (""miR-21"" OR ""microRNA-21"") AND (knockdown OR overexpression OR inhibitor OR mediates OR transfer OR delivery OR caus*)",69
miR-21,RNA,cardiac_repair,base,"(extracellular vesicle OR exosome OR exosomes) AND ((myocardial infarction OR ischemia-reperfusion OR heart failure OR cardiac injury) AND (repair OR regeneration OR cardioprotection OR post-infarction)) AND (""miR-21"" OR ""microRNA-21"")",23
miR-21,RNA,cardiac_repair,biomarker,"(extracellular vesicle OR exosome OR exosomes) AND ((myocardial infarction OR ischemia-reperfusion OR heart failure OR cardiac injury) AND (repair OR regeneration OR cardioprotection OR post-infarction)) AND (""miR-21"" OR ""microRNA-21"") AND (biomarker OR diagnostic OR prognostic OR plasma OR serum OR blood)",10
miR-21,RNA,cardiac_repair,mechanistic,"(extracellular vesicle OR exosome OR exosomes) AND ((myocardial infarction OR ischemia-reperfusion OR heart failure OR cardiac injury) AND (repair OR regeneration OR cardioprotection OR post-infarction)) AND (""miR-21"" OR ""microRNA-21"") AND (knockdown OR overexpression OR inhibitor OR mediates OR transfer OR delivery OR caus*)",21
miR-29,RNA,neurodegeneration,base,"(extracellular vesicle OR exosome OR exosomes) AND (neurodegeneration OR neurodegenerative OR Alzheimer OR Parkinson OR ""amyotrophic lateral sclerosis"" OR ALS OR frontotemporal dementia OR Huntington) AND (""miR-29"" OR ""microRNA-29"")",3
miR-29,RNA,neurodegeneration,biomarker,"(extracellular vesicle OR exosome OR exosomes) AND (neurodegeneration OR neurodegenerative OR Alzheimer OR Parkinson OR ""amyotrophic lateral sclerosis"" OR ALS OR frontotemporal dementia OR Huntington) AND (""miR-29"" OR ""microRNA-29"") AND (biomarker OR diagnostic OR prognostic OR plasma OR serum OR blood)",3
miR-29,RNA,neurodegeneration,mechanistic,"(extracellular vesicle OR exosome OR exosomes) AND (neurodegeneration OR neurodegenerative OR Alzheimer OR Parkinson OR ""amyotrophic lateral sclerosis"" OR ALS OR frontotemporal dementia OR Huntington) AND (""miR-29"" OR ""microRNA-29"") AND (knockdown OR overexpression OR inhibitor OR mediates OR transfer OR delivery OR caus*)",3
miR-29,RNA,tumor_metastasis,base,"(extracellular vesicle OR exosome OR exosomes) AND ((cancer OR tumor OR tumour) AND (metastasis OR metastatic OR premetastatic OR organotropism OR dissemination)) AND (""miR-29"" OR ""microRNA-29"")",6
miR-29,RNA,tumor_metastasis,biomarker,"(extracellular vesicle OR exosome OR exosomes) AND ((cancer OR tumor OR tumour) AND (metastasis OR metastatic OR premetastatic OR organotropism OR dissemination)) AND (""miR-29"" OR ""microRNA-29"") AND (biomarker OR diagnostic OR prognostic OR plasma OR serum OR blood)",3
miR-29,RNA,tumor_metastasis,mechanistic,"(extracellular vesicle OR exosome OR exosomes) AND ((cancer OR tumor OR tumour) AND (metastasis OR metastatic OR premetastatic OR organotropism OR dissemination)) AND (""miR-29"" OR ""microRNA-29"") AND (knockdown OR overexpression OR inhibitor OR mediates OR transfer OR delivery OR caus*)",6
miR-29,RNA,cardiac_repair,base,"(extracellular vesicle OR exosome OR exosomes) AND ((myocardial infarction OR ischemia-reperfusion OR heart failure OR cardiac injury) AND (repair OR regeneration OR cardioprotection OR post-infarction)) AND (""miR-29"" OR ""microRNA-29"")",3
miR-29,RNA,cardiac_repair,biomarker,"(extracellular vesicle OR exosome OR exosomes) AND ((myocardial infarction OR ischemia-reperfusion OR heart failure OR cardiac injury) AND (repair OR regeneration OR cardioprotection OR post-infarction)) AND (""miR-29"" OR ""microRNA-29"") AND (biomarker OR diagnostic OR prognostic OR plasma OR serum OR blood)",1
miR-29,RNA,cardiac_repair,mechanistic,"(extracellular vesicle OR exosome OR exosomes) AND ((myocardial infarction OR ischemia-reperfusion OR heart failure OR cardiac injury) AND (repair OR regeneration OR cardioprotection OR post-infarction)) AND (""miR-29"" OR ""microRNA-29"") AND (knockdown OR overexpression OR inhibitor OR mediates OR transfer OR delivery OR caus*)",2
miR-30d,RNA,neurodegeneration,base,"(extracellular vesicle OR exosome OR exosomes) AND (neurodegeneration OR neurodegenerative OR Alzheimer OR Parkinson OR ""amyotrophic lateral sclerosis"" OR ALS OR frontotemporal dementia OR Huntington) AND (""miR-30d"" OR ""microRNA-30d"")",0
miR-30d,RNA,neurodegeneration,biomarker,"(extracellular vesicle OR exosome OR exosomes) AND (neurodegeneration OR neurodegenerative OR Alzheimer OR Parkinson OR ""amyotrophic lateral sclerosis"" OR ALS OR frontotemporal dementia OR Huntington) AND (""miR-30d"" OR ""microRNA-30d"") AND (biomarker OR diagnostic OR prognostic OR plasma OR serum OR blood)",0
miR-30d,RNA,neurodegeneration,mechanistic,"(extracellular vesicle OR exosome OR exosomes) AND (neurodegeneration OR neurodegenerative OR Alzheimer OR Parkinson OR ""amyotrophic lateral sclerosis"" OR ALS OR frontotemporal dementia OR Huntington) AND (""miR-30d"" OR ""microRNA-30d"") AND (knockdown OR overexpression OR inhibitor OR mediates OR transfer OR delivery OR caus*)",0
miR-30d,RNA,tumor_metastasis,base,"(extracellular vesicle OR exosome OR exosomes) AND ((cancer OR tumor OR tumour) AND (metastasis OR metastatic OR premetastatic OR organotropism OR dissemination)) AND (""miR-30d"" OR ""microRNA-30d"")",2
miR-30d,RNA,tumor_metastasis,biomarker,"(extracellular vesicle OR exosome OR exosomes) AND ((cancer OR tumor OR tumour) AND (metastasis OR metastatic OR premetastatic OR organotropism OR dissemination)) AND (""miR-30d"" OR ""microRNA-30d"") AND (biomarker OR diagnostic OR prognostic OR plasma OR serum OR blood)",2
miR-30d,RNA,tumor_metastasis,mechanistic,"(extracellular vesicle OR exosome OR exosomes) AND ((cancer OR tumor OR tumour) AND (metastasis OR metastatic OR premetastatic OR organotropism OR dissemination)) AND (""miR-30d"" OR ""microRNA-30d"") AND (knockdown OR overexpression OR inhibitor OR mediates OR transfer OR delivery OR caus*)",1
miR-30d,RNA,cardiac_repair,base,"(extracellular vesicle OR exosome OR exosomes) AND ((myocardial infarction OR ischemia-reperfusion OR heart failure OR cardiac injury) AND (repair OR regeneration OR cardioprotection OR post-infarction)) AND (""miR-30d"" OR ""microRNA-30d"")",4
miR-30d,RNA,cardiac_repair,biomarker,"(extracellular vesicle OR exosome OR exosomes) AND ((myocardial infarction OR ischemia-reperfusion OR heart failure OR cardiac injury) AND (repair OR regeneration OR cardioprotection OR post-infarction)) AND (""miR-30d"" OR ""microRNA-30d"") AND (biomarker OR diagnostic OR prognostic OR plasma OR serum OR blood)",3
miR-30d,RNA,cardiac_repair,mechanistic,"(extracellular vesicle OR exosome OR exosomes) AND ((myocardial infarction OR ischemia-reperfusion OR heart failure OR cardiac injury) AND (repair OR regeneration OR cardioprotection OR post-infarction)) AND (""miR-30d"" OR ""microRNA-30d"") AND (knockdown OR overexpression OR inhibitor OR mediates OR transfer OR delivery OR caus*)",4
miR-105,RNA,neurodegeneration,base,"(extracellular vesicle OR exosome OR exosomes) AND (neurodegeneration OR neurodegenerative OR Alzheimer OR Parkinson OR ""amyotrophic lateral sclerosis"" OR ALS OR frontotemporal dementia OR Huntington) AND (""miR-105"" OR ""microRNA-105"")",0
miR-105,RNA,neurodegeneration,biomarker,"(extracellular vesicle OR exosome OR exosomes) AND (neurodegeneration OR neurodegenerative OR Alzheimer OR Parkinson OR ""amyotrophic lateral sclerosis"" OR ALS OR frontotemporal dementia OR Huntington) AND (""miR-105"" OR ""microRNA-105"") AND (biomarker OR diagnostic OR prognostic OR plasma OR serum OR blood)",0
miR-105,RNA,neurodegeneration,mechanistic,"(extracellular vesicle OR exosome OR exosomes) AND (neurodegeneration OR neurodegenerative OR Alzheimer OR Parkinson OR ""amyotrophic lateral sclerosis"" OR ALS OR frontotemporal dementia OR Huntington) AND (""miR-105"" OR ""microRNA-105"") AND (knockdown OR overexpression OR inhibitor OR mediates OR transfer OR delivery OR caus*)",0
miR-105,RNA,tumor_metastasis,base,"(extracellular vesicle OR exosome OR exosomes) AND ((cancer OR tumor OR tumour) AND (metastasis OR metastatic OR premetastatic OR organotropism OR dissemination)) AND (""miR-105"" OR ""microRNA-105"")",3
miR-105,RNA,tumor_metastasis,biomarker,"(extracellular vesicle OR exosome OR exosomes) AND ((cancer OR tumor OR tumour) AND (metastasis OR metastatic OR premetastatic OR organotropism OR dissemination)) AND (""miR-105"" OR ""microRNA-105"") AND (biomarker OR diagnostic OR prognostic OR plasma OR serum OR blood)",1
miR-105,RNA,tumor_metastasis,mechanistic,"(extracellular vesicle OR exosome OR exosomes) AND ((cancer OR tumor OR tumour) AND (metastasis OR metastatic OR premetastatic OR organotropism OR dissemination)) AND (""miR-105"" OR ""microRNA-105"") AND (knockdown OR overexpression OR inhibitor OR mediates OR transfer OR delivery OR caus*)",1
miR-105,RNA,cardiac_repair,base,"(extracellular vesicle OR exosome OR exosomes) AND ((myocardial infarction OR ischemia-reperfusion OR heart failure OR cardiac injury) AND (repair OR regeneration OR cardioprotection OR post-infarction)) AND (""miR-105"" OR ""microRNA-105"")",0
miR-105,RNA,cardiac_repair,biomarker,"(extracellular vesicle OR exosome OR exosomes) AND ((myocardial infarction OR ischemia-reperfusion OR heart failure OR cardiac injury) AND (repair OR regeneration OR cardioprotection OR post-infarction)) AND (""miR-105"" OR ""microRNA-105"") AND (biomarker OR diagnostic OR prognostic OR plasma OR serum OR blood)",0
miR-105,RNA,cardiac_repair,mechanistic,"(extracellular vesicle OR exosome OR exosomes) AND ((myocardial infarction OR ischemia-reperfusion OR heart failure OR cardiac injury) AND (repair OR regeneration OR cardioprotection OR post-infarction)) AND (""miR-105"" OR ""microRNA-105"") AND (knockdown OR overexpression OR inhibitor OR mediates OR transfer OR delivery OR caus*)",0
miR-122,RNA,neurodegeneration,base,"(extracellular vesicle OR exosome OR exosomes) AND (neurodegeneration OR neurodegenerative OR Alzheimer OR Parkinson OR ""amyotrophic lateral sclerosis"" OR ALS OR frontotemporal dementia OR Huntington) AND (""miR-122"" OR ""microRNA-122"")",5
miR-122,RNA,neurodegeneration,biomarker,"(extracellular vesicle OR exosome OR exosomes) AND (neurodegeneration OR neurodegenerative OR Alzheimer OR Parkinson OR ""amyotrophic lateral sclerosis"" OR ALS OR frontotemporal dementia OR Huntington) AND (""miR-122"" OR ""microRNA-122"") AND (biomarker OR diagnostic OR prognostic OR plasma OR serum OR blood)",5
miR-122,RNA,neurodegeneration,mechanistic,"(extracellular vesicle OR exosome OR exosomes) AND (neurodegeneration OR neurodegenerative OR Alzheimer OR Parkinson OR ""amyotrophic lateral sclerosis"" OR ALS OR frontotemporal dementia OR Huntington) AND (""miR-122"" OR ""microRNA-122"") AND (knockdown OR overexpression OR inhibitor OR mediates OR transfer OR delivery OR caus*)",3
miR-122,RNA,tumor_metastasis,base,"(extracellular vesicle OR exosome OR exosomes) AND ((cancer OR tumor OR tumour) AND (metastasis OR metastatic OR premetastatic OR organotropism OR dissemination)) AND (""miR-122"" OR ""microRNA-122"")",21
miR-122,RNA,tumor_metastasis,biomarker,"(extracellular vesicle OR exosome OR exosomes) AND ((cancer OR tumor OR tumour) AND (metastasis OR metastatic OR premetastatic OR organotropism OR dissemination)) AND (""miR-122"" OR ""microRNA-122"") AND (biomarker OR diagnostic OR prognostic OR plasma OR serum OR blood)",17
miR-122,RNA,tumor_metastasis,mechanistic,"(extracellular vesicle OR exosome OR exosomes) AND ((cancer OR tumor OR tumour) AND (metastasis OR metastatic OR premetastatic OR organotropism OR dissemination)) AND (""miR-122"" OR ""microRNA-122"") AND (knockdown OR overexpression OR inhibitor OR mediates OR transfer OR delivery OR caus*)",17
miR-122,RNA,cardiac_repair,base,"(extracellular vesicle OR exosome OR exosomes) AND ((myocardial infarction OR ischemia-reperfusion OR heart failure OR cardiac injury) AND (repair OR regeneration OR cardioprotection OR post-infarction)) AND (""miR-122"" OR ""microRNA-122"")",1
miR-122,RNA,cardiac_repair,biomarker,"(extracellular vesicle OR exosome OR exosomes) AND ((myocardial infarction OR ischemia-reperfusion OR heart failure OR cardiac injury) AND (repair OR regeneration OR cardioprotection OR post-infarction)) AND (""miR-122"" OR ""microRNA-122"") AND (biomarker OR diagnostic OR prognostic OR plasma OR serum OR blood)",1
miR-122,RNA,cardiac_repair,mechanistic,"(extracellular vesicle OR exosome OR exosomes) AND ((myocardial infarction OR ischemia-reperfusion OR heart failure OR cardiac injury) AND (repair OR regeneration OR cardioprotection OR post-infarction)) AND (""miR-122"" OR ""microRNA-122"") AND (knockdown OR overexpression OR inhibitor OR mediates OR transfer OR delivery OR caus*)",1
miR-124-3p,RNA,neurodegeneration,base,"(extracellular vesicle OR exosome OR exosomes) AND (neurodegeneration OR neurodegenerative OR Alzheimer OR Parkinson OR ""amyotrophic lateral sclerosis"" OR ALS OR frontotemporal dementia OR Huntington) AND (""miR-124"" OR ""microRNA-124"")",25
miR-124-3p,RNA,neurodegeneration,biomarker,"(extracellular vesicle OR exosome OR exosomes) AND (neurodegeneration OR neurodegenerative OR Alzheimer OR Parkinson OR ""amyotrophic lateral sclerosis"" OR ALS OR frontotemporal dementia OR Huntington) AND (""miR-124"" OR ""microRNA-124"") AND (biomarker OR diagnostic OR prognostic OR plasma OR serum OR blood)",17
miR-124-3p,RNA,neurodegeneration,mechanistic,"(extracellular vesicle OR exosome OR exosomes) AND (neurodegeneration OR neurodegenerative OR Alzheimer OR Parkinson OR ""amyotrophic lateral sclerosis"" OR ALS OR frontotemporal dementia OR Huntington) AND (""miR-124"" OR ""microRNA-124"") AND (knockdown OR overexpression OR inhibitor OR mediates OR transfer OR delivery OR caus*)",23
miR-124-3p,RNA,tumor_metastasis,base,"(extracellular vesicle OR exosome OR exosomes) AND ((cancer OR tumor OR tumour) AND (metastasis OR metastatic OR premetastatic OR organotropism OR dissemination)) AND (""miR-124"" OR ""microRNA-124"")",9
miR-124-3p,RNA,tumor_metastasis,biomarker,"(extracellular vesicle OR exosome OR exosomes) AND ((cancer OR tumor OR tumour) AND (metastasis OR metastatic OR premetastatic OR organotropism OR dissemination)) AND (""miR-124"" OR ""microRNA-124"") AND (biomarker OR diagnostic OR prognostic OR plasma OR serum OR blood)",4
miR-124-3p,RNA,tumor_metastasis,mechanistic,"(extracellular vesicle OR exosome OR exosomes) AND ((cancer OR tumor OR tumour) AND (metastasis OR metastatic OR premetastatic OR organotropism OR dissemination)) AND (""miR-124"" OR ""microRNA-124"") AND (knockdown OR overexpression OR inhibitor OR mediates OR transfer OR delivery OR caus*)",5
miR-124-3p,RNA,cardiac_repair,base,"(extracellular vesicle OR exosome OR exosomes) AND ((myocardial infarction OR ischemia-reperfusion OR heart failure OR cardiac injury) AND (repair OR regeneration OR cardioprotection OR post-infarction)) AND (""miR-124"" OR ""microRNA-124"")",0
miR-124-3p,RNA,cardiac_repair,biomarker,"(extracellular vesicle OR exosome OR exosomes) AND ((myocardial infarction OR ischemia-reperfusion OR heart failure OR cardiac injury) AND (repair OR regeneration OR cardioprotection OR post-infarction)) AND (""miR-124"" OR ""microRNA-124"") AND (biomarker OR diagnostic OR prognostic OR plasma OR serum OR blood)",0
miR-124-3p,RNA,cardiac_repair,mechanistic,"(extracellular vesicle OR exosome OR exosomes) AND ((myocardial infarction OR ischemia-reperfusion OR heart failure OR cardiac injury) AND (repair OR regeneration OR cardioprotection OR post-infarction)) AND (""miR-124"" OR ""microRNA-124"") AND (knockdown OR overexpression OR inhibitor OR mediates OR transfer OR delivery OR caus*)",0
miR-126,RNA,neurodegeneration,base,"(extracellular vesicle OR exosome OR exosomes) AND (neurodegeneration OR neurodegenerative OR Alzheimer OR Parkinson OR ""amyotrophic lateral sclerosis"" OR ALS OR frontotemporal dementia OR Huntington) AND (""miR-126"" OR ""microRNA-126"")",12
miR-126,RNA,neurodegeneration,biomarker,"(extracellular vesicle OR exosome OR exosomes) AND (neurodegeneration OR neurodegenerative OR Alzheimer OR Parkinson OR ""amyotrophic lateral sclerosis"" OR ALS OR frontotemporal dementia OR Huntington) AND (""miR-126"" OR ""microRNA-126"") AND (biomarker OR diagnostic OR prognostic OR plasma OR serum OR blood)",8
miR-126,RNA,neurodegeneration,mechanistic,"(extracellular vesicle OR exosome OR exosomes) AND (neurodegeneration OR neurodegenerative OR Alzheimer OR Parkinson OR ""amyotrophic lateral sclerosis"" OR ALS OR frontotemporal dementia OR Huntington) AND (""miR-126"" OR ""microRNA-126"") AND (knockdown OR overexpression OR inhibitor OR mediates OR transfer OR delivery OR caus*)",4
miR-126,RNA,tumor_metastasis,base,"(extracellular vesicle OR exosome OR exosomes) AND ((cancer OR tumor OR tumour) AND (metastasis OR metastatic OR premetastatic OR organotropism OR dissemination)) AND (""miR-126"" OR ""microRNA-126"")",17
miR-126,RNA,tumor_metastasis,biomarker,"(extracellular vesicle OR exosome OR exosomes) AND ((cancer OR tumor OR tumour) AND (metastasis OR metastatic OR premetastatic OR organotropism OR dissemination)) AND (""miR-126"" OR ""microRNA-126"") AND (biomarker OR diagnostic OR prognostic OR plasma OR serum OR blood)",16
miR-126,RNA,tumor_metastasis,mechanistic,"(extracellular vesicle OR exosome OR exosomes) AND ((cancer OR tumor OR tumour) AND (metastasis OR metastatic OR premetastatic OR organotropism OR dissemination)) AND (""miR-126"" OR ""microRNA-126"") AND (knockdown OR overexpression OR inhibitor OR mediates OR transfer OR delivery OR caus*)",9
miR-126,RNA,cardiac_repair,base,"(extracellular vesicle OR exosome OR exosomes) AND ((myocardial infarction OR ischemia-reperfusion OR heart failure OR cardiac injury) AND (repair OR regeneration OR cardioprotection OR post-infarction)) AND (""miR-126"" OR ""microRNA-126"")",14
miR-126,RNA,cardiac_repair,biomarker,"(extracellular vesicle OR exosome OR exosomes) AND ((myocardial infarction OR ischemia-reperfusion OR heart failure OR cardiac injury) AND (repair OR regeneration OR cardioprotection OR post-infarction)) AND (""miR-126"" OR ""microRNA-126"") AND (biomarker OR diagnostic OR prognostic OR plasma OR serum OR blood)",7
miR-126,RNA,cardiac_repair,mechanistic,"(extracellular vesicle OR exosome OR exosomes) AND ((myocardial infarction OR ischemia-reperfusion OR heart failure OR cardiac injury) AND (repair OR regeneration OR cardioprotection OR post-infarction)) AND (""miR-126"" OR ""microRNA-126"") AND (knockdown OR overexpression OR inhibitor OR mediates OR transfer OR delivery OR caus*)",8
miR-133a-3p,RNA,neurodegeneration,base,"(extracellular vesicle OR exosome OR exosomes) AND (neurodegeneration OR neurodegenerative OR Alzheimer OR Parkinson OR ""amyotrophic lateral sclerosis"" OR ALS OR frontotemporal dementia OR Huntington) AND (""miR-133a"" OR ""microRNA-133a"")",2
miR-133a-3p,RNA,neurodegeneration,biomarker,"(extracellular vesicle OR exosome OR exosomes) AND (neurodegeneration OR neurodegenerative OR Alzheimer OR Parkinson OR ""amyotrophic lateral sclerosis"" OR ALS OR frontotemporal dementia OR Huntington) AND (""miR-133a"" OR ""microRNA-133a"") AND (biomarker OR diagnostic OR prognostic OR plasma OR serum OR blood)",2
miR-133a-3p,RNA,neurodegeneration,mechanistic,"(extracellular vesicle OR exosome OR exosomes) AND (neurodegeneration OR neurodegenerative OR Alzheimer OR Parkinson OR ""amyotrophic lateral sclerosis"" OR ALS OR frontotemporal dementia OR Huntington) AND (""miR-133a"" OR ""microRNA-133a"") AND (knockdown OR overexpression OR inhibitor OR mediates OR transfer OR delivery OR caus*)",1
miR-133a-3p,RNA,tumor_metastasis,base,"(extracellular vesicle OR exosome OR exosomes) AND ((cancer OR tumor OR tumour) AND (metastasis OR metastatic OR premetastatic OR organotropism OR dissemination)) AND (""miR-133a"" OR ""microRNA-133a"")",6
miR-133a-3p,RNA,tumor_metastasis,biomarker,"(extracellular vesicle OR exosome OR exosomes) AND ((cancer OR tumor OR tumour) AND (metastasis OR metastatic OR premetastatic OR organotropism OR dissemination)) AND (""miR-133a"" OR ""microRNA-133a"") AND (biomarker OR diagnostic OR prognostic OR plasma OR serum OR blood)",5
miR-133a-3p,RNA,tumor_metastasis,mechanistic,"(extracellular vesicle OR exosome OR exosomes) AND ((cancer OR tumor OR tumour) AND (metastasis OR metastatic OR premetastatic OR organotropism OR dissemination)) AND (""miR-133a"" OR ""microRNA-133a"") AND (knockdown OR overexpression OR inhibitor OR mediates OR transfer OR delivery OR caus*)",5
miR-133a-3p,RNA,cardiac_repair,base,"(extracellular vesicle OR exosome OR exosomes) AND ((myocardial infarction OR ischemia-reperfusion OR heart failure OR cardiac injury) AND (repair OR regeneration OR cardioprotection OR post-infarction)) AND (""miR-133a"" OR ""microRNA-133a"")",6
miR-133a-3p,RNA,cardiac_repair,biomarker,"(extracellular vesicle OR exosome OR exosomes) AND ((myocardial infarction OR ischemia-reperfusion OR heart failure OR cardiac injury) AND (repair OR regeneration OR cardioprotection OR post-infarction)) AND (""miR-133a"" OR ""microRNA-133a"") AND (biomarker OR diagnostic OR prognostic OR plasma OR serum OR blood)",4
miR-133a-3p,RNA,cardiac_repair,mechanistic,"(extracellular vesicle OR exosome OR exosomes) AND ((myocardial infarction OR ischemia-reperfusion OR heart failure OR cardiac injury) AND (repair OR regeneration OR cardioprotection OR post-infarction)) AND (""miR-133a"" OR ""microRNA-133a"") AND (knockdown OR overexpression OR inhibitor OR mediates OR transfer OR delivery OR caus*)",4
miR-143-3p,RNA,neurodegeneration,base,"(extracellular vesicle OR exosome OR exosomes) AND (neurodegeneration OR neurodegenerative OR Alzheimer OR Parkinson OR ""amyotrophic lateral sclerosis"" OR ALS OR frontotemporal dementia OR Huntington) AND (""miR-143"" OR ""microRNA-143"")",1
miR-143-3p,RNA,neurodegeneration,biomarker,"(extracellular vesicle OR exosome OR exosomes) AND (neurodegeneration OR neurodegenerative OR Alzheimer OR Parkinson OR ""amyotrophic lateral sclerosis"" OR ALS OR frontotemporal dementia OR Huntington) AND (""miR-143"" OR ""microRNA-143"") AND (biomarker OR diagnostic OR prognostic OR plasma OR serum OR blood)",1
miR-143-3p,RNA,neurodegeneration,mechanistic,"(extracellular vesicle OR exosome OR exosomes) AND (neurodegeneration OR neurodegenerative OR Alzheimer OR Parkinson OR ""amyotrophic lateral sclerosis"" OR ALS OR frontotemporal dementia OR Huntington) AND (""miR-143"" OR ""microRNA-143"") AND (knockdown OR overexpression OR inhibitor OR mediates OR transfer OR delivery OR caus*)",0
miR-143-3p,RNA,tumor_metastasis,base,"(extracellular vesicle OR exosome OR exosomes) AND ((cancer OR tumor OR tumour) AND (metastasis OR metastatic OR premetastatic OR organotropism OR dissemination)) AND (""miR-143"" OR ""microRNA-143"")",13
miR-143-3p,RNA,tumor_metastasis,biomarker,"(extracellular vesicle OR exosome OR exosomes) AND ((cancer OR tumor OR tumour) AND (metastasis OR metastatic OR premetastatic OR organotropism OR dissemination)) AND (""miR-143"" OR ""microRNA-143"") AND (biomarker OR diagnostic OR prognostic OR plasma OR serum OR blood)",9
miR-143-3p,RNA,tumor_metastasis,mechanistic,"(extracellular vesicle OR exosome OR exosomes) AND ((cancer OR tumor OR tumour) AND (metastasis OR metastatic OR premetastatic OR organotropism OR dissemination)) AND (""miR-143"" OR ""microRNA-143"") AND (knockdown OR overexpression OR inhibitor OR mediates OR transfer OR delivery OR caus*)",8
miR-143-3p,RNA,cardiac_repair,base,"(extracellular vesicle OR exosome OR exosomes) AND ((myocardial infarction OR ischemia-reperfusion OR heart failure OR cardiac injury) AND (repair OR regeneration OR cardioprotection OR post-infarction)) AND (""miR-143"" OR ""microRNA-143"")",3
miR-143-3p,RNA,cardiac_repair,biomarker,"(extracellular vesicle OR exosome OR exosomes) AND ((myocardial infarction OR ischemia-reperfusion OR heart failure OR cardiac injury) AND (repair OR regeneration OR cardioprotection OR post-infarction)) AND (""miR-143"" OR ""microRNA-143"") AND (biomarker OR diagnostic OR prognostic OR plasma OR serum OR blood)",2
miR-143-3p,RNA,cardiac_repair,mechanistic,"(extracellular vesicle OR exosome OR exosomes) AND ((myocardial infarction OR ischemia-reperfusion OR heart failure OR cardiac injury) AND (repair OR regeneration OR cardioprotection OR post-infarction)) AND (""miR-143"" OR ""microRNA-143"") AND (knockdown OR overexpression OR inhibitor OR mediates OR transfer OR delivery OR caus*)",2
miR-181a-5p,RNA,neurodegeneration,base,"(extracellular vesicle OR exosome OR exosomes) AND (neurodegeneration OR neurodegenerative OR Alzheimer OR Parkinson OR ""amyotrophic lateral sclerosis"" OR ALS OR frontotemporal dementia OR Huntington) AND (""miR-181a"" OR ""microRNA-181a"")",7
miR-181a-5p,RNA,neurodegeneration,biomarker,"(extracellular vesicle OR exosome OR exosomes) AND (neurodegeneration OR neurodegenerative OR Alzheimer OR Parkinson OR ""amyotrophic lateral sclerosis"" OR ALS OR frontotemporal dementia OR Huntington) AND (""miR-181a"" OR ""microRNA-181a"") AND (biomarker OR diagnostic OR prognostic OR plasma OR serum OR blood)",5
miR-181a-5p,RNA,neurodegeneration,mechanistic,"(extracellular vesicle OR exosome OR exosomes) AND (neurodegeneration OR neurodegenerative OR Alzheimer OR Parkinson OR ""amyotrophic lateral sclerosis"" OR ALS OR frontotemporal dementia OR Huntington) AND (""miR-181a"" OR ""microRNA-181a"") AND (knockdown OR overexpression OR inhibitor OR mediates OR transfer OR delivery OR caus*)",4
miR-181a-5p,RNA,tumor_metastasis,base,"(extracellular vesicle OR exosome OR exosomes) AND ((cancer OR tumor OR tumour) AND (metastasis OR metastatic OR premetastatic OR organotropism OR dissemination)) AND (""miR-181a"" OR ""microRNA-181a"")",14
miR-181a-5p,RNA,tumor_metastasis,biomarker,"(extracellular vesicle OR exosome OR exosomes) AND ((cancer OR tumor OR tumour) AND (metastasis OR metastatic OR premetastatic OR organotropism OR dissemination)) AND (""miR-181a"" OR ""microRNA-181a"") AND (biomarker OR diagnostic OR prognostic OR plasma OR serum OR blood)",10
miR-181a-5p,RNA,tumor_metastasis,mechanistic,"(extracellular vesicle OR exosome OR exosomes) AND ((cancer OR tumor OR tumour) AND (metastasis OR metastatic OR premetastatic OR organotropism OR dissemination)) AND (""miR-181a"" OR ""microRNA-181a"") AND (knockdown OR overexpression OR inhibitor OR mediates OR transfer OR delivery OR caus*)",8
miR-181a-5p,RNA,cardiac_repair,base,"(extracellular vesicle OR exosome OR exosomes) AND ((myocardial infarction OR ischemia-reperfusion OR heart failure OR cardiac injury) AND (repair OR regeneration OR cardioprotection OR post-infarction)) AND (""miR-181a"" OR ""microRNA-181a"")",2
miR-181a-5p,RNA,cardiac_repair,biomarker,"(extracellular vesicle OR exosome OR exosomes) AND ((myocardial infarction OR ischemia-reperfusion OR heart failure OR cardiac injury) AND (repair OR regeneration OR cardioprotection OR post-infarction)) AND (""miR-181a"" OR ""microRNA-181a"") AND (biomarker OR diagnostic OR prognostic OR plasma OR serum OR blood)",2
miR-181a-5p,RNA,cardiac_repair,mechanistic,"(extracellular vesicle OR exosome OR exosomes) AND ((myocardial infarction OR ischemia-reperfusion OR heart failure OR cardiac injury) AND (repair OR regeneration OR cardioprotection OR post-infarction)) AND (""miR-181a"" OR ""microRNA-181a"") AND (knockdown OR overexpression OR inhibitor OR mediates OR transfer OR delivery OR caus*)",1
miR-210-3p,RNA,neurodegeneration,base,"(extracellular vesicle OR exosome OR exosomes) AND (neurodegeneration OR neurodegenerative OR Alzheimer OR Parkinson OR ""amyotrophic lateral sclerosis"" OR ALS OR frontotemporal dementia OR Huntington) AND (""miR-210"" OR ""microRNA-210"")",6
miR-210-3p,RNA,neurodegeneration,biomarker,"(extracellular vesicle OR exosome OR exosomes) AND (neurodegeneration OR neurodegenerative OR Alzheimer OR Parkinson OR ""amyotrophic lateral sclerosis"" OR ALS OR frontotemporal dementia OR Huntington) AND (""miR-210"" OR ""microRNA-210"") AND (biomarker OR diagnostic OR prognostic OR plasma OR serum OR blood)",3
miR-210-3p,RNA,neurodegeneration,mechanistic,"(extracellular vesicle OR exosome OR exosomes) AND (neurodegeneration OR neurodegenerative OR Alzheimer OR Parkinson OR ""amyotrophic lateral sclerosis"" OR ALS OR frontotemporal dementia OR Huntington) AND (""miR-210"" OR ""microRNA-210"") AND (knockdown OR overexpression OR inhibitor OR mediates OR transfer OR delivery OR caus*)",5
miR-210-3p,RNA,tumor_metastasis,base,"(extracellular vesicle OR exosome OR exosomes) AND ((cancer OR tumor OR tumour) AND (metastasis OR metastatic OR premetastatic OR organotropism OR dissemination)) AND (""miR-210"" OR ""microRNA-210"")",29
miR-210-3p,RNA,tumor_metastasis,biomarker,"(extracellular vesicle OR exosome OR exosomes) AND ((cancer OR tumor OR tumour) AND (metastasis OR metastatic OR premetastatic OR organotropism OR dissemination)) AND (""miR-210"" OR ""microRNA-210"") AND (biomarker OR diagnostic OR prognostic OR plasma OR serum OR blood)",17
miR-210-3p,RNA,tumor_metastasis,mechanistic,"(extracellular vesicle OR exosome OR exosomes) AND ((cancer OR tumor OR tumour) AND (metastasis OR metastatic OR premetastatic OR organotropism OR dissemination)) AND (""miR-210"" OR ""microRNA-210"") AND (knockdown OR overexpression OR inhibitor OR mediates OR transfer OR delivery OR caus*)",15
miR-210-3p,RNA,cardiac_repair,base,"(extracellular vesicle OR exosome OR exosomes) AND ((myocardial infarction OR ischemia-reperfusion OR heart failure OR cardiac injury) AND (repair OR regeneration OR cardioprotection OR post-infarction)) AND (""miR-210"" OR ""microRNA-210"")",11
miR-210-3p,RNA,cardiac_repair,biomarker,"(extracellular vesicle OR exosome OR exosomes) AND ((myocardial infarction OR ischemia-reperfusion OR heart failure OR cardiac injury) AND (repair OR regeneration OR cardioprotection OR post-infarction)) AND (""miR-210"" OR ""microRNA-210"") AND (biomarker OR diagnostic OR prognostic OR plasma OR serum OR blood)",3
miR-210-3p,RNA,cardiac_repair,mechanistic,"(extracellular vesicle OR exosome OR exosomes) AND ((myocardial infarction OR ischemia-reperfusion OR heart failure OR cardiac injury) AND (repair OR regeneration OR cardioprotection OR post-infarction)) AND (""miR-210"" OR ""microRNA-210"") AND (knockdown OR overexpression OR inhibitor OR mediates OR transfer OR delivery OR caus*)",7
miR-934,RNA,neurodegeneration,base,"(extracellular vesicle OR exosome OR exosomes) AND (neurodegeneration OR neurodegenerative OR Alzheimer OR Parkinson OR ""amyotrophic lateral sclerosis"" OR ALS OR frontotemporal dementia OR Huntington) AND (""miR-934"" OR ""microRNA-934"")",0
miR-934,RNA,neurodegeneration,biomarker,"(extracellular vesicle OR exosome OR exosomes) AND (neurodegeneration OR neurodegenerative OR Alzheimer OR Parkinson OR ""amyotrophic lateral sclerosis"" OR ALS OR frontotemporal dementia OR Huntington) AND (""miR-934"" OR ""microRNA-934"") AND (biomarker OR diagnostic OR prognostic OR plasma OR serum OR blood)",0
miR-934,RNA,neurodegeneration,mechanistic,"(extracellular vesicle OR exosome OR exosomes) AND (neurodegeneration OR neurodegenerative OR Alzheimer OR Parkinson OR ""amyotrophic lateral sclerosis"" OR ALS OR frontotemporal dementia OR Huntington) AND (""miR-934"" OR ""microRNA-934"") AND (knockdown OR overexpression OR inhibitor OR mediates OR transfer OR delivery OR caus*)",0
miR-934,RNA,tumor_metastasis,base,"(extracellular vesicle OR exosome OR exosomes) AND ((cancer OR tumor OR tumour) AND (metastasis OR metastatic OR premetastatic OR organotropism OR dissemination)) AND (""miR-934"" OR ""microRNA-934"")",3
miR-934,RNA,tumor_metastasis,biomarker,"(extracellular vesicle OR exosome OR exosomes) AND ((cancer OR tumor OR tumour) AND (metastasis OR metastatic OR premetastatic OR organotropism OR dissemination)) AND (""miR-934"" OR ""microRNA-934"") AND (biomarker OR diagnostic OR prognostic OR plasma OR serum OR blood)",1
miR-934,RNA,tumor_metastasis,mechanistic,"(extracellular vesicle OR exosome OR exosomes) AND ((cancer OR tumor OR tumour) AND (metastasis OR metastatic OR premetastatic OR organotropism OR dissemination)) AND (""miR-934"" OR ""microRNA-934"") AND (knockdown OR overexpression OR inhibitor OR mediates OR transfer OR delivery OR caus*)",1
miR-934,RNA,cardiac_repair,base,"(extracellular vesicle OR exosome OR exosomes) AND ((myocardial infarction OR ischemia-reperfusion OR heart failure OR cardiac injury) AND (repair OR regeneration OR cardioprotection OR post-infarction)) AND (""miR-934"" OR ""microRNA-934"")",0
miR-934,RNA,cardiac_repair,biomarker,"(extracellular vesicle OR exosome OR exosomes) AND ((myocardial infarction OR ischemia-reperfusion OR heart failure OR cardiac injury) AND (repair OR regeneration OR cardioprotection OR post-infarction)) AND (""miR-934"" OR ""microRNA-934"") AND (biomarker OR diagnostic OR prognostic OR plasma OR serum OR blood)",0
miR-934,RNA,cardiac_repair,mechanistic,"(extracellular vesicle OR exosome OR exosomes) AND ((myocardial infarction OR ischemia-reperfusion OR heart failure OR cardiac injury) AND (repair OR regeneration OR cardioprotection OR post-infarction)) AND (""miR-934"" OR ""microRNA-934"") AND (knockdown OR overexpression OR inhibitor OR mediates OR transfer OR delivery OR caus*)",0
ITGA6,Protein,neurodegeneration,base,"(extracellular vesicle OR exosome OR exosomes) AND (neurodegeneration OR neurodegenerative OR Alzheimer OR Parkinson OR ""amyotrophic lateral sclerosis"" OR ALS OR frontotemporal dementia OR Huntington) AND (ITGA6 OR ""integrin alpha 6"")",1
ITGA6,Protein,neurodegeneration,biomarker,"(extracellular vesicle OR exosome OR exosomes) AND (neurodegeneration OR neurodegenerative OR Alzheimer OR Parkinson OR ""amyotrophic lateral sclerosis"" OR ALS OR frontotemporal dementia OR Huntington) AND (ITGA6 OR ""integrin alpha 6"") AND (biomarker OR diagnostic OR prognostic OR plasma OR serum OR blood)",1
ITGA6,Protein,neurodegeneration,mechanistic,"(extracellular vesicle OR exosome OR exosomes) AND (neurodegeneration OR neurodegenerative OR Alzheimer OR Parkinson OR ""amyotrophic lateral sclerosis"" OR ALS OR frontotemporal dementia OR Huntington) AND (ITGA6 OR ""integrin alpha 6"") AND (knockdown OR overexpression OR inhibitor OR mediates OR transfer OR delivery OR caus*)",1
ITGA6,Protein,tumor_metastasis,base,"(extracellular vesicle OR exosome OR exosomes) AND ((cancer OR tumor OR tumour) AND (metastasis OR metastatic OR premetastatic OR organotropism OR dissemination)) AND (ITGA6 OR ""integrin alpha 6"")",9
ITGA6,Protein,tumor_metastasis,biomarker,"(extracellular vesicle OR exosome OR exosomes) AND ((cancer OR tumor OR tumour) AND (metastasis OR metastatic OR premetastatic OR organotropism OR dissemination)) AND (ITGA6 OR ""integrin alpha 6"") AND (biomarker OR diagnostic OR prognostic OR plasma OR serum OR blood)",5
ITGA6,Protein,tumor_metastasis,mechanistic,"(extracellular vesicle OR exosome OR exosomes) AND ((cancer OR tumor OR tumour) AND (metastasis OR metastatic OR premetastatic OR organotropism OR dissemination)) AND (ITGA6 OR ""integrin alpha 6"") AND (knockdown OR overexpression OR inhibitor OR mediates OR transfer OR delivery OR caus*)",5
ITGA6,Protein,cardiac_repair,base,"(extracellular vesicle OR exosome OR exosomes) AND ((myocardial infarction OR ischemia-reperfusion OR heart failure OR cardiac injury) AND (repair OR regeneration OR cardioprotection OR post-infarction)) AND (ITGA6 OR ""integrin alpha 6"")",0
ITGA6,Protein,cardiac_repair,biomarker,"(extracellular vesicle OR exosome OR exosomes) AND ((myocardial infarction OR ischemia-reperfusion OR heart failure OR cardiac injury) AND (repair OR regeneration OR cardioprotection OR post-infarction)) AND (ITGA6 OR ""integrin alpha 6"") AND (biomarker OR diagnostic OR prognostic OR plasma OR serum OR blood)",0
ITGA6,Protein,cardiac_repair,mechanistic,"(extracellular vesicle OR exosome OR exosomes) AND ((myocardial infarction OR ischemia-reperfusion OR heart failure OR cardiac injury) AND (repair OR regeneration OR cardioprotection OR post-infarction)) AND (ITGA6 OR ""integrin alpha 6"") AND (knockdown OR overexpression OR inhibitor OR mediates OR transfer OR delivery OR caus*)",0
ITGB4,Protein,neurodegeneration,base,"(extracellular vesicle OR exosome OR exosomes) AND (neurodegeneration OR neurodegenerative OR Alzheimer OR Parkinson OR ""amyotrophic lateral sclerosis"" OR ALS OR frontotemporal dementia OR Huntington) AND (ITGB4 OR ""integrin beta 4"")",1
ITGB4,Protein,neurodegeneration,biomarker,"(extracellular vesicle OR exosome OR exosomes) AND (neurodegeneration OR neurodegenerative OR Alzheimer OR Parkinson OR ""amyotrophic lateral sclerosis"" OR ALS OR frontotemporal dementia OR Huntington) AND (ITGB4 OR ""integrin beta 4"") AND (biomarker OR diagnostic OR prognostic OR plasma OR serum OR blood)",0
ITGB4,Protein,neurodegeneration,mechanistic,"(extracellular vesicle OR exosome OR exosomes) AND (neurodegeneration OR neurodegenerative OR Alzheimer OR Parkinson OR ""amyotrophic lateral sclerosis"" OR ALS OR frontotemporal dementia OR Huntington) AND (ITGB4 OR ""integrin beta 4"") AND (knockdown OR overexpression OR inhibitor OR mediates OR transfer OR delivery OR caus*)",1
ITGB4,Protein,tumor_metastasis,base,"(extracellular vesicle OR exosome OR exosomes) AND ((cancer OR tumor OR tumour) AND (metastasis OR metastatic OR premetastatic OR organotropism OR dissemination)) AND (ITGB4 OR ""integrin beta 4"")",3
ITGB4,Protein,tumor_metastasis,biomarker,"(extracellular vesicle OR exosome OR exosomes) AND ((cancer OR tumor OR tumour) AND (metastasis OR metastatic OR premetastatic OR organotropism OR dissemination)) AND (ITGB4 OR ""integrin beta 4"") AND (biomarker OR diagnostic OR prognostic OR plasma OR serum OR blood)",3
ITGB4,Protein,tumor_metastasis,mechanistic,"(extracellular vesicle OR exosome OR exosomes) AND ((cancer OR tumor OR tumour) AND (metastasis OR metastatic OR premetastatic OR organotropism OR dissemination)) AND (ITGB4 OR ""integrin beta 4"") AND (knockdown OR overexpression OR inhibitor OR mediates OR transfer OR delivery OR caus*)",3
ITGB4,Protein,cardiac_repair,base,"(extracellular vesicle OR exosome OR exosomes) AND ((myocardial infarction OR ischemia-reperfusion OR heart failure OR cardiac injury) AND (repair OR regeneration OR cardioprotection OR post-infarction)) AND (ITGB4 OR ""integrin beta 4"")",0
ITGB4,Protein,cardiac_repair,biomarker,"(extracellular vesicle OR exosome OR exosomes) AND ((myocardial infarction OR ischemia-reperfusion OR heart failure OR cardiac injury) AND (repair OR regeneration OR cardioprotection OR post-infarction)) AND (ITGB4 OR ""integrin beta 4"") AND (biomarker OR diagnostic OR prognostic OR plasma OR serum OR blood)",0
ITGB4,Protein,cardiac_repair,mechanistic,"(extracellular vesicle OR exosome OR exosomes) AND ((myocardial infarction OR ischemia-reperfusion OR heart failure OR cardiac injury) AND (repair OR regeneration OR cardioprotection OR post-infarction)) AND (ITGB4 OR ""integrin beta 4"") AND (knockdown OR overexpression OR inhibitor OR mediates OR transfer OR delivery OR caus*)",0
ITGB2,Protein,neurodegeneration,base,"(extracellular vesicle OR exosome OR exosomes) AND (neurodegeneration OR neurodegenerative OR Alzheimer OR Parkinson OR ""amyotrophic lateral sclerosis"" OR ALS OR frontotemporal dementia OR Huntington) AND (ITGB2 OR ""integrin beta 2"")",0
ITGB2,Protein,neurodegeneration,biomarker,"(extracellular vesicle OR exosome OR exosomes) AND (neurodegeneration OR neurodegenerative OR Alzheimer OR Parkinson OR ""amyotrophic lateral sclerosis"" OR ALS OR frontotemporal dementia OR Huntington) AND (ITGB2 OR ""integrin beta 2"") AND (biomarker OR diagnostic OR prognostic OR plasma OR serum OR blood)",0
ITGB2,Protein,neurodegeneration,mechanistic,"(extracellular vesicle OR exosome OR exosomes) AND (neurodegeneration OR neurodegenerative OR Alzheimer OR Parkinson OR ""amyotrophic lateral sclerosis"" OR ALS OR frontotemporal dementia OR Huntington) AND (ITGB2 OR ""integrin beta 2"") AND (knockdown OR overexpression OR inhibitor OR mediates OR transfer OR delivery OR caus*)",0
ITGB2,Protein,tumor_metastasis,base,"(extracellular vesicle OR exosome OR exosomes) AND ((cancer OR tumor OR tumour) AND (metastasis OR metastatic OR premetastatic OR organotropism OR dissemination)) AND (ITGB2 OR ""integrin beta 2"")",4
ITGB2,Protein,tumor_metastasis,biomarker,"(extracellular vesicle OR exosome OR exosomes) AND ((cancer OR tumor OR tumour) AND (metastasis OR metastatic OR premetastatic OR organotropism OR dissemination)) AND (ITGB2 OR ""integrin beta 2"") AND (biomarker OR diagnostic OR prognostic OR plasma OR serum OR blood)",4
ITGB2,Protein,tumor_metastasis,mechanistic,"(extracellular vesicle OR exosome OR exosomes) AND ((cancer OR tumor OR tumour) AND (metastasis OR metastatic OR premetastatic OR organotropism OR dissemination)) AND (ITGB2 OR ""integrin beta 2"") AND (knockdown OR overexpression OR inhibitor OR mediates OR transfer OR delivery OR caus*)",3
ITGB2,Protein,cardiac_repair,base,"(extracellular vesicle OR exosome OR exosomes) AND ((myocardial infarction OR ischemia-reperfusion OR heart failure OR cardiac injury) AND (repair OR regeneration OR cardioprotection OR post-infarction)) AND (ITGB2 OR ""integrin beta 2"")",0
ITGB2,Protein,cardiac_repair,biomarker,"(extracellular vesicle OR exosome OR exosomes) AND ((myocardial infarction OR ischemia-reperfusion OR heart failure OR cardiac injury) AND (repair OR regeneration OR cardioprotection OR post-infarction)) AND (ITGB2 OR ""integrin beta 2"") AND (biomarker OR diagnostic OR prognostic OR plasma OR serum OR blood)",0
ITGB2,Protein,cardiac_repair,mechanistic,"(extracellular vesicle OR exosome OR exosomes) AND ((myocardial infarction OR ischemia-reperfusion OR heart failure OR cardiac injury) AND (repair OR regeneration OR cardioprotection OR post-infarction)) AND (ITGB2 OR ""integrin beta 2"") AND (knockdown OR overexpression OR inhibitor OR mediates OR transfer OR delivery OR caus*)",0
GPR143,Protein,neurodegeneration,base,"(extracellular vesicle OR exosome OR exosomes) AND (neurodegeneration OR neurodegenerative OR Alzheimer OR Parkinson OR ""amyotrophic lateral sclerosis"" OR ALS OR frontotemporal dementia OR Huntington) AND (GPR143)",0
GPR143,Protein,neurodegeneration,biomarker,"(extracellular vesicle OR exosome OR exosomes) AND (neurodegeneration OR neurodegenerative OR Alzheimer OR Parkinson OR ""amyotrophic lateral sclerosis"" OR ALS OR frontotemporal dementia OR Huntington) AND (GPR143) AND (biomarker OR diagnostic OR prognostic OR plasma OR serum OR blood)",0
GPR143,Protein,neurodegeneration,mechanistic,"(extracellular vesicle OR exosome OR exosomes) AND (neurodegeneration OR neurodegenerative OR Alzheimer OR Parkinson OR ""amyotrophic lateral sclerosis"" OR ALS OR frontotemporal dementia OR Huntington) AND (GPR143) AND (knockdown OR overexpression OR inhibitor OR mediates OR transfer OR delivery OR caus*)",0
GPR143,Protein,tumor_metastasis,base,(extracellular vesicle OR exosome OR exosomes) AND ((cancer OR tumor OR tumour) AND (metastasis OR metastatic OR premetastatic OR organotropism OR dissemination)) AND (GPR143),1
GPR143,Protein,tumor_metastasis,biomarker,(extracellular vesicle OR exosome OR exosomes) AND ((cancer OR tumor OR tumour) AND (metastasis OR metastatic OR premetastatic OR organotropism OR dissemination)) AND (GPR143) AND (biomarker OR diagnostic OR prognostic OR plasma OR serum OR blood),0
GPR143,Protein,tumor_metastasis,mechanistic,(extracellular vesicle OR exosome OR exosomes) AND ((cancer OR tumor OR tumour) AND (metastasis OR metastatic OR premetastatic OR organotropism OR dissemination)) AND (GPR143) AND (knockdown OR overexpression OR inhibitor OR mediates OR transfer OR delivery OR caus*),0
GPR143,Protein,cardiac_repair,base,(extracellular vesicle OR exosome OR exosomes) AND ((myocardial infarction OR ischemia-reperfusion OR heart failure OR cardiac injury) AND (repair OR regeneration OR cardioprotection OR post-infarction)) AND (GPR143),0
GPR143,Protein,cardiac_repair,biomarker,(extracellular vesicle OR exosome OR exosomes) AND ((myocardial infarction OR ischemia-reperfusion OR heart failure OR cardiac injury) AND (repair OR regeneration OR cardioprotection OR post-infarction)) AND (GPR143) AND (biomarker OR diagnostic OR prognostic OR plasma OR serum OR blood),0
GPR143,Protein,cardiac_repair,mechanistic,(extracellular vesicle OR exosome OR exosomes) AND ((myocardial infarction OR ischemia-reperfusion OR heart failure OR cardiac injury) AND (repair OR regeneration OR cardioprotection OR post-infarction)) AND (GPR143) AND (knockdown OR overexpression OR inhibitor OR mediates OR transfer OR delivery OR caus*),0
CAV1,Protein,neurodegeneration,base,"(extracellular vesicle OR exosome OR exosomes) AND (neurodegeneration OR neurodegenerative OR Alzheimer OR Parkinson OR ""amyotrophic lateral sclerosis"" OR ALS OR frontotemporal dementia OR Huntington) AND (CAV1 OR caveolin-1)",1
CAV1,Protein,neurodegeneration,biomarker,"(extracellular vesicle OR exosome OR exosomes) AND (neurodegeneration OR neurodegenerative OR Alzheimer OR Parkinson OR ""amyotrophic lateral sclerosis"" OR ALS OR frontotemporal dementia OR Huntington) AND (CAV1 OR caveolin-1) AND (biomarker OR diagnostic OR prognostic OR plasma OR serum OR blood)",1
CAV1,Protein,neurodegeneration,mechanistic,"(extracellular vesicle OR exosome OR exosomes) AND (neurodegeneration OR neurodegenerative OR Alzheimer OR Parkinson OR ""amyotrophic lateral sclerosis"" OR ALS OR frontotemporal dementia OR Huntington) AND (CAV1 OR caveolin-1) AND (knockdown OR overexpression OR inhibitor OR mediates OR transfer OR delivery OR caus*)",1
CAV1,Protein,tumor_metastasis,base,(extracellular vesicle OR exosome OR exosomes) AND ((cancer OR tumor OR tumour) AND (metastasis OR metastatic OR premetastatic OR organotropism OR dissemination)) AND (CAV1 OR caveolin-1),30
CAV1,Protein,tumor_metastasis,biomarker,(extracellular vesicle OR exosome OR exosomes) AND ((cancer OR tumor OR tumour) AND (metastasis OR metastatic OR premetastatic OR organotropism OR dissemination)) AND (CAV1 OR caveolin-1) AND (biomarker OR diagnostic OR prognostic OR plasma OR serum OR blood),15
CAV1,Protein,tumor_metastasis,mechanistic,(extracellular vesicle OR exosome OR exosomes) AND ((cancer OR tumor OR tumour) AND (metastasis OR metastatic OR premetastatic OR organotropism OR dissemination)) AND (CAV1 OR caveolin-1) AND (knockdown OR overexpression OR inhibitor OR mediates OR transfer OR delivery OR caus*),25
CAV1,Protein,cardiac_repair,base,(extracellular vesicle OR exosome OR exosomes) AND ((myocardial infarction OR ischemia-reperfusion OR heart failure OR cardiac injury) AND (repair OR regeneration OR cardioprotection OR post-infarction)) AND (CAV1 OR caveolin-1),3
CAV1,Protein,cardiac_repair,biomarker,(extracellular vesicle OR exosome OR exosomes) AND ((myocardial infarction OR ischemia-reperfusion OR heart failure OR cardiac injury) AND (repair OR regeneration OR cardioprotection OR post-infarction)) AND (CAV1 OR caveolin-1) AND (biomarker OR diagnostic OR prognostic OR plasma OR serum OR blood),2
CAV1,Protein,cardiac_repair,mechanistic,(extracellular vesicle OR exosome OR exosomes) AND ((myocardial infarction OR ischemia-reperfusion OR heart failure OR cardiac injury) AND (repair OR regeneration OR cardioprotection OR post-infarction)) AND (CAV1 OR caveolin-1) AND (knockdown OR overexpression OR inhibitor OR mediates OR transfer OR delivery OR caus*),3
TGFB1,Protein,neurodegeneration,base,"(extracellular vesicle OR exosome OR exosomes) AND (neurodegeneration OR neurodegenerative OR Alzheimer OR Parkinson OR ""amyotrophic lateral sclerosis"" OR ALS OR frontotemporal dementia OR Huntington) AND (TGFB1 OR ""TGF-beta1"")",4
TGFB1,Protein,neurodegeneration,biomarker,"(extracellular vesicle OR exosome OR exosomes) AND (neurodegeneration OR neurodegenerative OR Alzheimer OR Parkinson OR ""amyotrophic lateral sclerosis"" OR ALS OR frontotemporal dementia OR Huntington) AND (TGFB1 OR ""TGF-beta1"") AND (biomarker OR diagnostic OR prognostic OR plasma OR serum OR blood)",4
TGFB1,Protein,neurodegeneration,mechanistic,"(extracellular vesicle OR exosome OR exosomes) AND (neurodegeneration OR neurodegenerative OR Alzheimer OR Parkinson OR ""amyotrophic lateral sclerosis"" OR ALS OR frontotemporal dementia OR Huntington) AND (TGFB1 OR ""TGF-beta1"") AND (knockdown OR overexpression OR inhibitor OR mediates OR transfer OR delivery OR caus*)",1
TGFB1,Protein,tumor_metastasis,base,"(extracellular vesicle OR exosome OR exosomes) AND ((cancer OR tumor OR tumour) AND (metastasis OR metastatic OR premetastatic OR organotropism OR dissemination)) AND (TGFB1 OR ""TGF-beta1"")",60
TGFB1,Protein,tumor_metastasis,biomarker,"(extracellular vesicle OR exosome OR exosomes) AND ((cancer OR tumor OR tumour) AND (metastasis OR metastatic OR premetastatic OR organotropism OR dissemination)) AND (TGFB1 OR ""TGF-beta1"") AND (biomarker OR diagnostic OR prognostic OR plasma OR serum OR blood)",29
TGFB1,Protein,tumor_metastasis,mechanistic,"(extracellular vesicle OR exosome OR exosomes) AND ((cancer OR tumor OR tumour) AND (metastasis OR metastatic OR premetastatic OR organotropism OR dissemination)) AND (TGFB1 OR ""TGF-beta1"") AND (knockdown OR overexpression OR inhibitor OR mediates OR transfer OR delivery OR caus*)",41
TGFB1,Protein,cardiac_repair,base,"(extracellular vesicle OR exosome OR exosomes) AND ((myocardial infarction OR ischemia-reperfusion OR heart failure OR cardiac injury) AND (repair OR regeneration OR cardioprotection OR post-infarction)) AND (TGFB1 OR ""TGF-beta1"")",9
TGFB1,Protein,cardiac_repair,biomarker,"(extracellular vesicle OR exosome OR exosomes) AND ((myocardial infarction OR ischemia-reperfusion OR heart failure OR cardiac injury) AND (repair OR regeneration OR cardioprotection OR post-infarction)) AND (TGFB1 OR ""TGF-beta1"") AND (biomarker OR diagnostic OR prognostic OR plasma OR serum OR blood)",4
TGFB1,Protein,cardiac_repair,mechanistic,"(extracellular vesicle OR exosome OR exosomes) AND ((myocardial infarction OR ischemia-reperfusion OR heart failure OR cardiac injury) AND (repair OR regeneration OR cardioprotection OR post-infarction)) AND (TGFB1 OR ""TGF-beta1"") AND (knockdown OR overexpression OR inhibitor OR mediates OR transfer OR delivery OR caus*)",5
TGFBR2,Protein,neurodegeneration,base,"(extracellular vesicle OR exosome OR exosomes) AND (neurodegeneration OR neurodegenerative OR Alzheimer OR Parkinson OR ""amyotrophic lateral sclerosis"" OR ALS OR frontotemporal dementia OR Huntington) AND (TGFBR2 OR ""TGF-beta receptor"")",0
TGFBR2,Protein,neurodegeneration,biomarker,"(extracellular vesicle OR exosome OR exosomes) AND (neurodegeneration OR neurodegenerative OR Alzheimer OR Parkinson OR ""amyotrophic lateral sclerosis"" OR ALS OR frontotemporal dementia OR Huntington) AND (TGFBR2 OR ""TGF-beta receptor"") AND (biomarker OR diagnostic OR prognostic OR plasma OR serum OR blood)",0
TGFBR2,Protein,neurodegeneration,mechanistic,"(extracellular vesicle OR exosome OR exosomes) AND (neurodegeneration OR neurodegenerative OR Alzheimer OR Parkinson OR ""amyotrophic lateral sclerosis"" OR ALS OR frontotemporal dementia OR Huntington) AND (TGFBR2 OR ""TGF-beta receptor"") AND (knockdown OR overexpression OR inhibitor OR mediates OR transfer OR delivery OR caus*)",0
TGFBR2,Protein,tumor_metastasis,base,"(extracellular vesicle OR exosome OR exosomes) AND ((cancer OR tumor OR tumour) AND (metastasis OR metastatic OR premetastatic OR organotropism OR dissemination)) AND (TGFBR2 OR ""TGF-beta receptor"")",11
TGFBR2,Protein,tumor_metastasis,biomarker,"(extracellular vesicle OR exosome OR exosomes) AND ((cancer OR tumor OR tumour) AND (metastasis OR metastatic OR premetastatic OR organotropism OR dissemination)) AND (TGFBR2 OR ""TGF-beta receptor"") AND (biomarker OR diagnostic OR prognostic OR plasma OR serum OR blood)",10
TGFBR2,Protein,tumor_metastasis,mechanistic,"(extracellular vesicle OR exosome OR exosomes) AND ((cancer OR tumor OR tumour) AND (metastasis OR metastatic OR premetastatic OR organotropism OR dissemination)) AND (TGFBR2 OR ""TGF-beta receptor"") AND (knockdown OR overexpression OR inhibitor OR mediates OR transfer OR delivery OR caus*)",8
TGFBR2,Protein,cardiac_repair,base,"(extracellular vesicle OR exosome OR exosomes) AND ((myocardial infarction OR ischemia-reperfusion OR heart failure OR cardiac injury) AND (repair OR regeneration OR cardioprotection OR post-infarction)) AND (TGFBR2 OR ""TGF-beta receptor"")",1
TGFBR2,Protein,cardiac_repair,biomarker,"(extracellular vesicle OR exosome OR exosomes) AND ((myocardial infarction OR ischemia-reperfusion OR heart failure OR cardiac injury) AND (repair OR regeneration OR cardioprotection OR post-infarction)) AND (TGFBR2 OR ""TGF-beta receptor"") AND (biomarker OR diagnostic OR prognostic OR plasma OR serum OR blood)",0
TGFBR2,Protein,cardiac_repair,mechanistic,"(extracellular vesicle OR exosome OR exosomes) AND ((myocardial infarction OR ischemia-reperfusion OR heart failure OR cardiac injury) AND (repair OR regeneration OR cardioprotection OR post-infarction)) AND (TGFBR2 OR ""TGF-beta receptor"") AND (knockdown OR overexpression OR inhibitor OR mediates OR transfer OR delivery OR caus*)",1
WNT5A,Protein,neurodegeneration,base,"(extracellular vesicle OR exosome OR exosomes) AND (neurodegeneration OR neurodegenerative OR Alzheimer OR Parkinson OR ""amyotrophic lateral sclerosis"" OR ALS OR frontotemporal dementia OR Huntington) AND (WNT5A OR Wnt5a)",6
WNT5A,Protein,neurodegeneration,biomarker,"(extracellular vesicle OR exosome OR exosomes) AND (neurodegeneration OR neurodegenerative OR Alzheimer OR Parkinson OR ""amyotrophic lateral sclerosis"" OR ALS OR frontotemporal dementia OR Huntington) AND (WNT5A OR Wnt5a) AND (biomarker OR diagnostic OR prognostic OR plasma OR serum OR blood)",3
WNT5A,Protein,neurodegeneration,mechanistic,"(extracellular vesicle OR exosome OR exosomes) AND (neurodegeneration OR neurodegenerative OR Alzheimer OR Parkinson OR ""amyotrophic lateral sclerosis"" OR ALS OR frontotemporal dementia OR Huntington) AND (WNT5A OR Wnt5a) AND (knockdown OR overexpression OR inhibitor OR mediates OR transfer OR delivery OR caus*)",5
WNT5A,Protein,tumor_metastasis,base,(extracellular vesicle OR exosome OR exosomes) AND ((cancer OR tumor OR tumour) AND (metastasis OR metastatic OR premetastatic OR organotropism OR dissemination)) AND (WNT5A OR Wnt5a),7
WNT5A,Protein,tumor_metastasis,biomarker,(extracellular vesicle OR exosome OR exosomes) AND ((cancer OR tumor OR tumour) AND (metastasis OR metastatic OR premetastatic OR organotropism OR dissemination)) AND (WNT5A OR Wnt5a) AND (biomarker OR diagnostic OR prognostic OR plasma OR serum OR blood),6
WNT5A,Protein,tumor_metastasis,mechanistic,(extracellular vesicle OR exosome OR exosomes) AND ((cancer OR tumor OR tumour) AND (metastasis OR metastatic OR premetastatic OR organotropism OR dissemination)) AND (WNT5A OR Wnt5a) AND (knockdown OR overexpression OR inhibitor OR mediates OR transfer OR delivery OR caus*),3
WNT5A,Protein,cardiac_repair,base,(extracellular vesicle OR exosome OR exosomes) AND ((myocardial infarction OR ischemia-reperfusion OR heart failure OR cardiac injury) AND (repair OR regeneration OR cardioprotection OR post-infarction)) AND (WNT5A OR Wnt5a),0
WNT5A,Protein,cardiac_repair,biomarker,(extracellular vesicle OR exosome OR exosomes) AND ((myocardial infarction OR ischemia-reperfusion OR heart failure OR cardiac injury) AND (repair OR regeneration OR cardioprotection OR post-infarction)) AND (WNT5A OR Wnt5a) AND (biomarker OR diagnostic OR prognostic OR plasma OR serum OR blood),0
WNT5A,Protein,cardiac_repair,mechanistic,(extracellular vesicle OR exosome OR exosomes) AND ((myocardial infarction OR ischemia-reperfusion OR heart failure OR cardiac injury) AND (repair OR regeneration OR cardioprotection OR post-infarction)) AND (WNT5A OR Wnt5a) AND (knockdown OR overexpression OR inhibitor OR mediates OR transfer OR delivery OR caus*),0
CTNNB1,Protein,neurodegeneration,base,"(extracellular vesicle OR exosome OR exosomes) AND (neurodegeneration OR neurodegenerative OR Alzheimer OR Parkinson OR ""amyotrophic lateral sclerosis"" OR ALS OR frontotemporal dementia OR Huntington) AND (CTNNB1 OR beta-catenin)",20
CTNNB1,Protein,neurodegeneration,biomarker,"(extracellular vesicle OR exosome OR exosomes) AND (neurodegeneration OR neurodegenerative OR Alzheimer OR Parkinson OR ""amyotrophic lateral sclerosis"" OR ALS OR frontotemporal dementia OR Huntington) AND (CTNNB1 OR beta-catenin) AND (biomarker OR diagnostic OR prognostic OR plasma OR serum OR blood)",9
CTNNB1,Protein,neurodegeneration,mechanistic,"(extracellular vesicle OR exosome OR exosomes) AND (neurodegeneration OR neurodegenerative OR Alzheimer OR Parkinson OR ""amyotrophic lateral sclerosis"" OR ALS OR frontotemporal dementia OR Huntington) AND (CTNNB1 OR beta-catenin) AND (knockdown OR overexpression OR inhibitor OR mediates OR transfer OR delivery OR caus*)",14
CTNNB1,Protein,tumor_metastasis,base,(extracellular vesicle OR exosome OR exosomes) AND ((cancer OR tumor OR tumour) AND (metastasis OR metastatic OR premetastatic OR organotropism OR dissemination)) AND (CTNNB1 OR beta-catenin),144
CTNNB1,Protein,tumor_metastasis,biomarker,(extracellular vesicle OR exosome OR exosomes) AND ((cancer OR tumor OR tumour) AND (metastasis OR metastatic OR premetastatic OR organotropism OR dissemination)) AND (CTNNB1 OR beta-catenin) AND (biomarker OR diagnostic OR prognostic OR plasma OR serum OR blood),81
CTNNB1,Protein,tumor_metastasis,mechanistic,(extracellular vesicle OR exosome OR exosomes) AND ((cancer OR tumor OR tumour) AND (metastasis OR metastatic OR premetastatic OR organotropism OR dissemination)) AND (CTNNB1 OR beta-catenin) AND (knockdown OR overexpression OR inhibitor OR mediates OR transfer OR delivery OR caus*),117
CTNNB1,Protein,cardiac_repair,base,(extracellular vesicle OR exosome OR exosomes) AND ((myocardial infarction OR ischemia-reperfusion OR heart failure OR cardiac injury) AND (repair OR regeneration OR cardioprotection OR post-infarction)) AND (CTNNB1 OR beta-catenin),14
CTNNB1,Protein,cardiac_repair,biomarker,(extracellular vesicle OR exosome OR exosomes) AND ((myocardial infarction OR ischemia-reperfusion OR heart failure OR cardiac injury) AND (repair OR regeneration OR cardioprotection OR post-infarction)) AND (CTNNB1 OR beta-catenin) AND (biomarker OR diagnostic OR prognostic OR plasma OR serum OR blood),7
CTNNB1,Protein,cardiac_repair,mechanistic,(extracellular vesicle OR exosome OR exosomes) AND ((myocardial infarction OR ischemia-reperfusion OR heart failure OR cardiac injury) AND (repair OR regeneration OR cardioprotection OR post-infarction)) AND (CTNNB1 OR beta-catenin) AND (knockdown OR overexpression OR inhibitor OR mediates OR transfer OR delivery OR caus*),11
MTOR,Protein,neurodegeneration,base,"(extracellular vesicle OR exosome OR exosomes) AND (neurodegeneration OR neurodegenerative OR Alzheimer OR Parkinson OR ""amyotrophic lateral sclerosis"" OR ALS OR frontotemporal dementia OR Huntington) AND (MTOR OR mTOR)",35
MTOR,Protein,neurodegeneration,biomarker,"(extracellular vesicle OR exosome OR exosomes) AND (neurodegeneration OR neurodegenerative OR Alzheimer OR Parkinson OR ""amyotrophic lateral sclerosis"" OR ALS OR frontotemporal dementia OR Huntington) AND (MTOR OR mTOR) AND (biomarker OR diagnostic OR prognostic OR plasma OR serum OR blood)",16
MTOR,Protein,neurodegeneration,mechanistic,"(extracellular vesicle OR exosome OR exosomes) AND (neurodegeneration OR neurodegenerative OR Alzheimer OR Parkinson OR ""amyotrophic lateral sclerosis"" OR ALS OR frontotemporal dementia OR Huntington) AND (MTOR OR mTOR) AND (knockdown OR overexpression OR inhibitor OR mediates OR transfer OR delivery OR caus*)",24
MTOR,Protein,tumor_metastasis,base,(extracellular vesicle OR exosome OR exosomes) AND ((cancer OR tumor OR tumour) AND (metastasis OR metastatic OR premetastatic OR organotropism OR dissemination)) AND (MTOR OR mTOR),88
MTOR,Protein,tumor_metastasis,biomarker,(extracellular vesicle OR exosome OR exosomes) AND ((cancer OR tumor OR tumour) AND (metastasis OR metastatic OR premetastatic OR organotropism OR dissemination)) AND (MTOR OR mTOR) AND (biomarker OR diagnostic OR prognostic OR plasma OR serum OR blood),42
MTOR,Protein,tumor_metastasis,mechanistic,(extracellular vesicle OR exosome OR exosomes) AND ((cancer OR tumor OR tumour) AND (metastasis OR metastatic OR premetastatic OR organotropism OR dissemination)) AND (MTOR OR mTOR) AND (knockdown OR overexpression OR inhibitor OR mediates OR transfer OR delivery OR caus*),68
MTOR,Protein,cardiac_repair,base,(extracellular vesicle OR exosome OR exosomes) AND ((myocardial infarction OR ischemia-reperfusion OR heart failure OR cardiac injury) AND (repair OR regeneration OR cardioprotection OR post-infarction)) AND (MTOR OR mTOR),13
MTOR,Protein,cardiac_repair,biomarker,(extracellular vesicle OR exosome OR exosomes) AND ((myocardial infarction OR ischemia-reperfusion OR heart failure OR cardiac injury) AND (repair OR regeneration OR cardioprotection OR post-infarction)) AND (MTOR OR mTOR) AND (biomarker OR diagnostic OR prognostic OR plasma OR serum OR blood),3
MTOR,Protein,cardiac_repair,mechanistic,(extracellular vesicle OR exosome OR exosomes) AND ((myocardial infarction OR ischemia-reperfusion OR heart failure OR cardiac injury) AND (repair OR regeneration OR cardioprotection OR post-infarction)) AND (MTOR OR mTOR) AND (knockdown OR overexpression OR inhibitor OR mediates OR transfer OR delivery OR caus*),12
AKT1,Protein,neurodegeneration,base,"(extracellular vesicle OR exosome OR exosomes) AND (neurodegeneration OR neurodegenerative OR Alzheimer OR Parkinson OR ""amyotrophic lateral sclerosis"" OR ALS OR frontotemporal dementia OR Huntington) AND (AKT1 OR AKT)",66
AKT1,Protein,neurodegeneration,biomarker,"(extracellular vesicle OR exosome OR exosomes) AND (neurodegeneration OR neurodegenerative OR Alzheimer OR Parkinson OR ""amyotrophic lateral sclerosis"" OR ALS OR frontotemporal dementia OR Huntington) AND (AKT1 OR AKT) AND (biomarker OR diagnostic OR prognostic OR plasma OR serum OR blood)",29
AKT1,Protein,neurodegeneration,mechanistic,"(extracellular vesicle OR exosome OR exosomes) AND (neurodegeneration OR neurodegenerative OR Alzheimer OR Parkinson OR ""amyotrophic lateral sclerosis"" OR ALS OR frontotemporal dementia OR Huntington) AND (AKT1 OR AKT) AND (knockdown OR overexpression OR inhibitor OR mediates OR transfer OR delivery OR caus*)",42
AKT1,Protein,tumor_metastasis,base,(extracellular vesicle OR exosome OR exosomes) AND ((cancer OR tumor OR tumour) AND (metastasis OR metastatic OR premetastatic OR organotropism OR dissemination)) AND (AKT1 OR AKT),263
AKT1,Protein,tumor_metastasis,biomarker,(extracellular vesicle OR exosome OR exosomes) AND ((cancer OR tumor OR tumour) AND (metastasis OR metastatic OR premetastatic OR organotropism OR dissemination)) AND (AKT1 OR AKT) AND (biomarker OR diagnostic OR prognostic OR plasma OR serum OR blood),137
AKT1,Protein,tumor_metastasis,mechanistic,(extracellular vesicle OR exosome OR exosomes) AND ((cancer OR tumor OR tumour) AND (metastasis OR metastatic OR premetastatic OR organotropism OR dissemination)) AND (AKT1 OR AKT) AND (knockdown OR overexpression OR inhibitor OR mediates OR transfer OR delivery OR caus*),202
AKT1,Protein,cardiac_repair,base,(extracellular vesicle OR exosome OR exosomes) AND ((myocardial infarction OR ischemia-reperfusion OR heart failure OR cardiac injury) AND (repair OR regeneration OR cardioprotection OR post-infarction)) AND (AKT1 OR AKT),55
AKT1,Protein,cardiac_repair,biomarker,(extracellular vesicle OR exosome OR exosomes) AND ((myocardial infarction OR ischemia-reperfusion OR heart failure OR cardiac injury) AND (repair OR regeneration OR cardioprotection OR post-infarction)) AND (AKT1 OR AKT) AND (biomarker OR diagnostic OR prognostic OR plasma OR serum OR blood),20
AKT1,Protein,cardiac_repair,mechanistic,(extracellular vesicle OR exosome OR exosomes) AND ((myocardial infarction OR ischemia-reperfusion OR heart failure OR cardiac injury) AND (repair OR regeneration OR cardioprotection OR post-infarction)) AND (AKT1 OR AKT) AND (knockdown OR overexpression OR inhibitor OR mediates OR transfer OR delivery OR caus*),49
NFKB1,Protein,neurodegeneration,base,"(extracellular vesicle OR exosome OR exosomes) AND (neurodegeneration OR neurodegenerative OR Alzheimer OR Parkinson OR ""amyotrophic lateral sclerosis"" OR ALS OR frontotemporal dementia OR Huntington) AND (NFKB1 OR ""NF-kappa B"")",17
NFKB1,Protein,neurodegeneration,biomarker,"(extracellular vesicle OR exosome OR exosomes) AND (neurodegeneration OR neurodegenerative OR Alzheimer OR Parkinson OR ""amyotrophic lateral sclerosis"" OR ALS OR frontotemporal dementia OR Huntington) AND (NFKB1 OR ""NF-kappa B"") AND (biomarker OR diagnostic OR prognostic OR plasma OR serum OR blood)",6
NFKB1,Protein,neurodegeneration,mechanistic,"(extracellular vesicle OR exosome OR exosomes) AND (neurodegeneration OR neurodegenerative OR Alzheimer OR Parkinson OR ""amyotrophic lateral sclerosis"" OR ALS OR frontotemporal dementia OR Huntington) AND (NFKB1 OR ""NF-kappa B"") AND (knockdown OR overexpression OR inhibitor OR mediates OR transfer OR delivery OR caus*)",12
NFKB1,Protein,tumor_metastasis,base,"(extracellular vesicle OR exosome OR exosomes) AND ((cancer OR tumor OR tumour) AND (metastasis OR metastatic OR premetastatic OR organotropism OR dissemination)) AND (NFKB1 OR ""NF-kappa B"")",54
NFKB1,Protein,tumor_metastasis,biomarker,"(extracellular vesicle OR exosome OR exosomes) AND ((cancer OR tumor OR tumour) AND (metastasis OR metastatic OR premetastatic OR organotropism OR dissemination)) AND (NFKB1 OR ""NF-kappa B"") AND (biomarker OR diagnostic OR prognostic OR plasma OR serum OR blood)",30
NFKB1,Protein,tumor_metastasis,mechanistic,"(extracellular vesicle OR exosome OR exosomes) AND ((cancer OR tumor OR tumour) AND (metastasis OR metastatic OR premetastatic OR organotropism OR dissemination)) AND (NFKB1 OR ""NF-kappa B"") AND (knockdown OR overexpression OR inhibitor OR mediates OR transfer OR delivery OR caus*)",41
NFKB1,Protein,cardiac_repair,base,"(extracellular vesicle OR exosome OR exosomes) AND ((myocardial infarction OR ischemia-reperfusion OR heart failure OR cardiac injury) AND (repair OR regeneration OR cardioprotection OR post-infarction)) AND (NFKB1 OR ""NF-kappa B"")",10
NFKB1,Protein,cardiac_repair,biomarker,"(extracellular vesicle OR exosome OR exosomes) AND ((myocardial infarction OR ischemia-reperfusion OR heart failure OR cardiac injury) AND (repair OR regeneration OR cardioprotection OR post-infarction)) AND (NFKB1 OR ""NF-kappa B"") AND (biomarker OR diagnostic OR prognostic OR plasma OR serum OR blood)",2
NFKB1,Protein,cardiac_repair,mechanistic,"(extracellular vesicle OR exosome OR exosomes) AND ((myocardial infarction OR ischemia-reperfusion OR heart failure OR cardiac injury) AND (repair OR regeneration OR cardioprotection OR post-infarction)) AND (NFKB1 OR ""NF-kappa B"") AND (knockdown OR overexpression OR inhibitor OR mediates OR transfer OR delivery OR caus*)",8
HIF1A,Protein,neurodegeneration,base,"(extracellular vesicle OR exosome OR exosomes) AND (neurodegeneration OR neurodegenerative OR Alzheimer OR Parkinson OR ""amyotrophic lateral sclerosis"" OR ALS OR frontotemporal dementia OR Huntington) AND (HIF1A OR ""HIF-1"")",4
HIF1A,Protein,neurodegeneration,biomarker,"(extracellular vesicle OR exosome OR exosomes) AND (neurodegeneration OR neurodegenerative OR Alzheimer OR Parkinson OR ""amyotrophic lateral sclerosis"" OR ALS OR frontotemporal dementia OR Huntington) AND (HIF1A OR ""HIF-1"") AND (biomarker OR diagnostic OR prognostic OR plasma OR serum OR blood)",1
HIF1A,Protein,neurodegeneration,mechanistic,"(extracellular vesicle OR exosome OR exosomes) AND (neurodegeneration OR neurodegenerative OR Alzheimer OR Parkinson OR ""amyotrophic lateral sclerosis"" OR ALS OR frontotemporal dementia OR Huntington) AND (HIF1A OR ""HIF-1"") AND (knockdown OR overexpression OR inhibitor OR mediates OR transfer OR delivery OR caus*)",1
HIF1A,Protein,tumor_metastasis,base,"(extracellular vesicle OR exosome OR exosomes) AND ((cancer OR tumor OR tumour) AND (metastasis OR metastatic OR premetastatic OR organotropism OR dissemination)) AND (HIF1A OR ""HIF-1"")",33
HIF1A,Protein,tumor_metastasis,biomarker,"(extracellular vesicle OR exosome OR exosomes) AND ((cancer OR tumor OR tumour) AND (metastasis OR metastatic OR premetastatic OR organotropism OR dissemination)) AND (HIF1A OR ""HIF-1"") AND (biomarker OR diagnostic OR prognostic OR plasma OR serum OR blood)",14
HIF1A,Protein,tumor_metastasis,mechanistic,"(extracellular vesicle OR exosome OR exosomes) AND ((cancer OR tumor OR tumour) AND (metastasis OR metastatic OR premetastatic OR organotropism OR dissemination)) AND (HIF1A OR ""HIF-1"") AND (knockdown OR overexpression OR inhibitor OR mediates OR transfer OR delivery OR caus*)",25
HIF1A,Protein,cardiac_repair,base,"(extracellular vesicle OR exosome OR exosomes) AND ((myocardial infarction OR ischemia-reperfusion OR heart failure OR cardiac injury) AND (repair OR regeneration OR cardioprotection OR post-infarction)) AND (HIF1A OR ""HIF-1"")",5
HIF1A,Protein,cardiac_repair,biomarker,"(extracellular vesicle OR exosome OR exosomes) AND ((myocardial infarction OR ischemia-reperfusion OR heart failure OR cardiac injury) AND (repair OR regeneration OR cardioprotection OR post-infarction)) AND (HIF1A OR ""HIF-1"") AND (biomarker OR diagnostic OR prognostic OR plasma OR serum OR blood)",1
HIF1A,Protein,cardiac_repair,mechanistic,"(extracellular vesicle OR exosome OR exosomes) AND ((myocardial infarction OR ischemia-reperfusion OR heart failure OR cardiac injury) AND (repair OR regeneration OR cardioprotection OR post-infarction)) AND (HIF1A OR ""HIF-1"") AND (knockdown OR overexpression OR inhibitor OR mediates OR transfer OR delivery OR caus*)",5
C3,Protein,neurodegeneration,base,"(extracellular vesicle OR exosome OR exosomes) AND (neurodegeneration OR neurodegenerative OR Alzheimer OR Parkinson OR ""amyotrophic lateral sclerosis"" OR ALS OR frontotemporal dementia OR Huntington) AND (C3 OR complement C3)",11
C3,Protein,neurodegeneration,biomarker,"(extracellular vesicle OR exosome OR exosomes) AND (neurodegeneration OR neurodegenerative OR Alzheimer OR Parkinson OR ""amyotrophic lateral sclerosis"" OR ALS OR frontotemporal dementia OR Huntington) AND (C3 OR complement C3) AND (biomarker OR diagnostic OR prognostic OR plasma OR serum OR blood)",7
C3,Protein,neurodegeneration,mechanistic,"(extracellular vesicle OR exosome OR exosomes) AND (neurodegeneration OR neurodegenerative OR Alzheimer OR Parkinson OR ""amyotrophic lateral sclerosis"" OR ALS OR frontotemporal dementia OR Huntington) AND (C3 OR complement C3) AND (knockdown OR overexpression OR inhibitor OR mediates OR transfer OR delivery OR caus*)",9
C3,Protein,tumor_metastasis,base,(extracellular vesicle OR exosome OR exosomes) AND ((cancer OR tumor OR tumour) AND (metastasis OR metastatic OR premetastatic OR organotropism OR dissemination)) AND (C3 OR complement C3),10
C3,Protein,tumor_metastasis,biomarker,(extracellular vesicle OR exosome OR exosomes) AND ((cancer OR tumor OR tumour) AND (metastasis OR metastatic OR premetastatic OR organotropism OR dissemination)) AND (C3 OR complement C3) AND (biomarker OR diagnostic OR prognostic OR plasma OR serum OR blood),4
C3,Protein,tumor_metastasis,mechanistic,(extracellular vesicle OR exosome OR exosomes) AND ((cancer OR tumor OR tumour) AND (metastasis OR metastatic OR premetastatic OR organotropism OR dissemination)) AND (C3 OR complement C3) AND (knockdown OR overexpression OR inhibitor OR mediates OR transfer OR delivery OR caus*),6
C3,Protein,cardiac_repair,base,(extracellular vesicle OR exosome OR exosomes) AND ((myocardial infarction OR ischemia-reperfusion OR heart failure OR cardiac injury) AND (repair OR regeneration OR cardioprotection OR post-infarction)) AND (C3 OR complement C3),4
C3,Protein,cardiac_repair,biomarker,(extracellular vesicle OR exosome OR exosomes) AND ((myocardial infarction OR ischemia-reperfusion OR heart failure OR cardiac injury) AND (repair OR regeneration OR cardioprotection OR post-infarction)) AND (C3 OR complement C3) AND (biomarker OR diagnostic OR prognostic OR plasma OR serum OR blood),3
C3,Protein,cardiac_repair,mechanistic,(extracellular vesicle OR exosome OR exosomes) AND ((myocardial infarction OR ischemia-reperfusion OR heart failure OR cardiac injury) AND (repair OR regeneration OR cardioprotection OR post-infarction)) AND (C3 OR complement C3) AND (knockdown OR overexpression OR inhibitor OR mediates OR transfer OR delivery OR caus*),3
C5,Protein,neurodegeneration,base,"(extracellular vesicle OR exosome OR exosomes) AND (neurodegeneration OR neurodegenerative OR Alzheimer OR Parkinson OR ""amyotrophic lateral sclerosis"" OR ALS OR frontotemporal dementia OR Huntington) AND (C5 OR complement C5)",2
C5,Protein,neurodegeneration,biomarker,"(extracellular vesicle OR exosome OR exosomes) AND (neurodegeneration OR neurodegenerative OR Alzheimer OR Parkinson OR ""amyotrophic lateral sclerosis"" OR ALS OR frontotemporal dementia OR Huntington) AND (C5 OR complement C5) AND (biomarker OR diagnostic OR prognostic OR plasma OR serum OR blood)",2
C5,Protein,neurodegeneration,mechanistic,"(extracellular vesicle OR exosome OR exosomes) AND (neurodegeneration OR neurodegenerative OR Alzheimer OR Parkinson OR ""amyotrophic lateral sclerosis"" OR ALS OR frontotemporal dementia OR Huntington) AND (C5 OR complement C5) AND (knockdown OR overexpression OR inhibitor OR mediates OR transfer OR delivery OR caus*)",2
C5,Protein,tumor_metastasis,base,(extracellular vesicle OR exosome OR exosomes) AND ((cancer OR tumor OR tumour) AND (metastasis OR metastatic OR premetastatic OR organotropism OR dissemination)) AND (C5 OR complement C5),1
C5,Protein,tumor_metastasis,biomarker,(extracellular vesicle OR exosome OR exosomes) AND ((cancer OR tumor OR tumour) AND (metastasis OR metastatic OR premetastatic OR organotropism OR dissemination)) AND (C5 OR complement C5) AND (biomarker OR diagnostic OR prognostic OR plasma OR serum OR blood),1
C5,Protein,tumor_metastasis,mechanistic,(extracellular vesicle OR exosome OR exosomes) AND ((cancer OR tumor OR tumour) AND (metastasis OR metastatic OR premetastatic OR organotropism OR dissemination)) AND (C5 OR complement C5) AND (knockdown OR overexpression OR inhibitor OR mediates OR transfer OR delivery OR caus*),0
C5,Protein,cardiac_repair,base,(extracellular vesicle OR exosome OR exosomes) AND ((myocardial infarction OR ischemia-reperfusion OR heart failure OR cardiac injury) AND (repair OR regeneration OR cardioprotection OR post-infarction)) AND (C5 OR complement C5),1
C5,Protein,cardiac_repair,biomarker,(extracellular vesicle OR exosome OR exosomes) AND ((myocardial infarction OR ischemia-reperfusion OR heart failure OR cardiac injury) AND (repair OR regeneration OR cardioprotection OR post-infarction)) AND (C5 OR complement C5) AND (biomarker OR diagnostic OR prognostic OR plasma OR serum OR blood),1
C5,Protein,cardiac_repair,mechanistic,(extracellular vesicle OR exosome OR exosomes) AND ((myocardial infarction OR ischemia-reperfusion OR heart failure OR cardiac injury) AND (repair OR regeneration OR cardioprotection OR post-infarction)) AND (C5 OR complement C5) AND (knockdown OR overexpression OR inhibitor OR mediates OR transfer OR delivery OR caus*),1
PDCD6IP,Protein,neurodegeneration,base,"(extracellular vesicle OR exosome OR exosomes) AND (neurodegeneration OR neurodegenerative OR Alzheimer OR Parkinson OR ""amyotrophic lateral sclerosis"" OR ALS OR frontotemporal dementia OR Huntington) AND (PDCD6IP OR ALIX)",27
PDCD6IP,Protein,neurodegeneration,biomarker,"(extracellular vesicle OR exosome OR exosomes) AND (neurodegeneration OR neurodegenerative OR Alzheimer OR Parkinson OR ""amyotrophic lateral sclerosis"" OR ALS OR frontotemporal dementia OR Huntington) AND (PDCD6IP OR ALIX) AND (biomarker OR diagnostic OR prognostic OR plasma OR serum OR blood)",15
PDCD6IP,Protein,neurodegeneration,mechanistic,"(extracellular vesicle OR exosome OR exosomes) AND (neurodegeneration OR neurodegenerative OR Alzheimer OR Parkinson OR ""amyotrophic lateral sclerosis"" OR ALS OR frontotemporal dementia OR Huntington) AND (PDCD6IP OR ALIX) AND (knockdown OR overexpression OR inhibitor OR mediates OR transfer OR delivery OR caus*)",16
PDCD6IP,Protein,tumor_metastasis,base,(extracellular vesicle OR exosome OR exosomes) AND ((cancer OR tumor OR tumour) AND (metastasis OR metastatic OR premetastatic OR organotropism OR dissemination)) AND (PDCD6IP OR ALIX),45
PDCD6IP,Protein,tumor_metastasis,biomarker,(extracellular vesicle OR exosome OR exosomes) AND ((cancer OR tumor OR tumour) AND (metastasis OR metastatic OR premetastatic OR organotropism OR dissemination)) AND (PDCD6IP OR ALIX) AND (biomarker OR diagnostic OR prognostic OR plasma OR serum OR blood),32
PDCD6IP,Protein,tumor_metastasis,mechanistic,(extracellular vesicle OR exosome OR exosomes) AND ((cancer OR tumor OR tumour) AND (metastasis OR metastatic OR premetastatic OR organotropism OR dissemination)) AND (PDCD6IP OR ALIX) AND (knockdown OR overexpression OR inhibitor OR mediates OR transfer OR delivery OR caus*),27
PDCD6IP,Protein,cardiac_repair,base,(extracellular vesicle OR exosome OR exosomes) AND ((myocardial infarction OR ischemia-reperfusion OR heart failure OR cardiac injury) AND (repair OR regeneration OR cardioprotection OR post-infarction)) AND (PDCD6IP OR ALIX),8
PDCD6IP,Protein,cardiac_repair,biomarker,(extracellular vesicle OR exosome OR exosomes) AND ((myocardial infarction OR ischemia-reperfusion OR heart failure OR cardiac injury) AND (repair OR regeneration OR cardioprotection OR post-infarction)) AND (PDCD6IP OR ALIX) AND (biomarker OR diagnostic OR prognostic OR plasma OR serum OR blood),4
PDCD6IP,Protein,cardiac_repair,mechanistic,(extracellular vesicle OR exosome OR exosomes) AND ((myocardial infarction OR ischemia-reperfusion OR heart failure OR cardiac injury) AND (repair OR regeneration OR cardioprotection OR post-infarction)) AND (PDCD6IP OR ALIX) AND (knockdown OR overexpression OR inhibitor OR mediates OR transfer OR delivery OR caus*),7
TSG101,Protein,neurodegeneration,base,"(extracellular vesicle OR exosome OR exosomes) AND (neurodegeneration OR neurodegenerative OR Alzheimer OR Parkinson OR ""amyotrophic lateral sclerosis"" OR ALS OR frontotemporal dementia OR Huntington) AND (TSG101)",27
TSG101,Protein,neurodegeneration,biomarker,"(extracellular vesicle OR exosome OR exosomes) AND (neurodegeneration OR neurodegenerative OR Alzheimer OR Parkinson OR ""amyotrophic lateral sclerosis"" OR ALS OR frontotemporal dementia OR Huntington) AND (TSG101) AND (biomarker OR diagnostic OR prognostic OR plasma OR serum OR blood)",14
TSG101,Protein,neurodegeneration,mechanistic,"(extracellular vesicle OR exosome OR exosomes) AND (neurodegeneration OR neurodegenerative OR Alzheimer OR Parkinson OR ""amyotrophic lateral sclerosis"" OR ALS OR frontotemporal dementia OR Huntington) AND (TSG101) AND (knockdown OR overexpression OR inhibitor OR mediates OR transfer OR delivery OR caus*)",18
TSG101,Protein,tumor_metastasis,base,(extracellular vesicle OR exosome OR exosomes) AND ((cancer OR tumor OR tumour) AND (metastasis OR metastatic OR premetastatic OR organotropism OR dissemination)) AND (TSG101),40
TSG101,Protein,tumor_metastasis,biomarker,(extracellular vesicle OR exosome OR exosomes) AND ((cancer OR tumor OR tumour) AND (metastasis OR metastatic OR premetastatic OR organotropism OR dissemination)) AND (TSG101) AND (biomarker OR diagnostic OR prognostic OR plasma OR serum OR blood),27
TSG101,Protein,tumor_metastasis,mechanistic,(extracellular vesicle OR exosome OR exosomes) AND ((cancer OR tumor OR tumour) AND (metastasis OR metastatic OR premetastatic OR organotropism OR dissemination)) AND (TSG101) AND (knockdown OR overexpression OR inhibitor OR mediates OR transfer OR delivery OR caus*),25
TSG101,Protein,cardiac_repair,base,(extracellular vesicle OR exosome OR exosomes) AND ((myocardial infarction OR ischemia-reperfusion OR heart failure OR cardiac injury) AND (repair OR regeneration OR cardioprotection OR post-infarction)) AND (TSG101),8
TSG101,Protein,cardiac_repair,biomarker,(extracellular vesicle OR exosome OR exosomes) AND ((myocardial infarction OR ischemia-reperfusion OR heart failure OR cardiac injury) AND (repair OR regeneration OR cardioprotection OR post-infarction)) AND (TSG101) AND (biomarker OR diagnostic OR prognostic OR plasma OR serum OR blood),4
TSG101,Protein,cardiac_repair,mechanistic,(extracellular vesicle OR exosome OR exosomes) AND ((myocardial infarction OR ischemia-reperfusion OR heart failure OR cardiac injury) AND (repair OR regeneration OR cardioprotection OR post-infarction)) AND (TSG101) AND (knockdown OR overexpression OR inhibitor OR mediates OR transfer OR delivery OR caus*),6
CD63,Protein,neurodegeneration,base,"(extracellular vesicle OR exosome OR exosomes) AND (neurodegeneration OR neurodegenerative OR Alzheimer OR Parkinson OR ""amyotrophic lateral sclerosis"" OR ALS OR frontotemporal dementia OR Huntington) AND (CD63)",79
CD63,Protein,neurodegeneration,biomarker,"(extracellular vesicle OR exosome OR exosomes) AND (neurodegeneration OR neurodegenerative OR Alzheimer OR Parkinson OR ""amyotrophic lateral sclerosis"" OR ALS OR frontotemporal dementia OR Huntington) AND (CD63) AND (biomarker OR diagnostic OR prognostic OR plasma OR serum OR blood)",62
CD63,Protein,neurodegeneration,mechanistic,"(extracellular vesicle OR exosome OR exosomes) AND (neurodegeneration OR neurodegenerative OR Alzheimer OR Parkinson OR ""amyotrophic lateral sclerosis"" OR ALS OR frontotemporal dementia OR Huntington) AND (CD63) AND (knockdown OR overexpression OR inhibitor OR mediates OR transfer OR delivery OR caus*)",31
CD63,Protein,tumor_metastasis,base,(extracellular vesicle OR exosome OR exosomes) AND ((cancer OR tumor OR tumour) AND (metastasis OR metastatic OR premetastatic OR organotropism OR dissemination)) AND (CD63),154
CD63,Protein,tumor_metastasis,biomarker,(extracellular vesicle OR exosome OR exosomes) AND ((cancer OR tumor OR tumour) AND (metastasis OR metastatic OR premetastatic OR organotropism OR dissemination)) AND (CD63) AND (biomarker OR diagnostic OR prognostic OR plasma OR serum OR blood),113
CD63,Protein,tumor_metastasis,mechanistic,(extracellular vesicle OR exosome OR exosomes) AND ((cancer OR tumor OR tumour) AND (metastasis OR metastatic OR premetastatic OR organotropism OR dissemination)) AND (CD63) AND (knockdown OR overexpression OR inhibitor OR mediates OR transfer OR delivery OR caus*),88
CD63,Protein,cardiac_repair,base,(extracellular vesicle OR exosome OR exosomes) AND ((myocardial infarction OR ischemia-reperfusion OR heart failure OR cardiac injury) AND (repair OR regeneration OR cardioprotection OR post-infarction)) AND (CD63),25
CD63,Protein,cardiac_repair,biomarker,(extracellular vesicle OR exosome OR exosomes) AND ((myocardial infarction OR ischemia-reperfusion OR heart failure OR cardiac injury) AND (repair OR regeneration OR cardioprotection OR post-infarction)) AND (CD63) AND (biomarker OR diagnostic OR prognostic OR plasma OR serum OR blood),17
CD63,Protein,cardiac_repair,mechanistic,(extracellular vesicle OR exosome OR exosomes) AND ((myocardial infarction OR ischemia-reperfusion OR heart failure OR cardiac injury) AND (repair OR regeneration OR cardioprotection OR post-infarction)) AND (CD63) AND (knockdown OR overexpression OR inhibitor OR mediates OR transfer OR delivery OR caus*),15
CD81,Protein,neurodegeneration,base,"(extracellular vesicle OR exosome OR exosomes) AND (neurodegeneration OR neurodegenerative OR Alzheimer OR Parkinson OR ""amyotrophic lateral sclerosis"" OR ALS OR frontotemporal dementia OR Huntington) AND (CD81)",56
CD81,Protein,neurodegeneration,biomarker,"(extracellular vesicle OR exosome OR exosomes) AND (neurodegeneration OR neurodegenerative OR Alzheimer OR Parkinson OR ""amyotrophic lateral sclerosis"" OR ALS OR frontotemporal dementia OR Huntington) AND (CD81) AND (biomarker OR diagnostic OR prognostic OR plasma OR serum OR blood)",46
CD81,Protein,neurodegeneration,mechanistic,"(extracellular vesicle OR exosome OR exosomes) AND (neurodegeneration OR neurodegenerative OR Alzheimer OR Parkinson OR ""amyotrophic lateral sclerosis"" OR ALS OR frontotemporal dementia OR Huntington) AND (CD81) AND (knockdown OR overexpression OR inhibitor OR mediates OR transfer OR delivery OR caus*)",17
CD81,Protein,tumor_metastasis,base,(extracellular vesicle OR exosome OR exosomes) AND ((cancer OR tumor OR tumour) AND (metastasis OR metastatic OR premetastatic OR organotropism OR dissemination)) AND (CD81),64
CD81,Protein,tumor_metastasis,biomarker,(extracellular vesicle OR exosome OR exosomes) AND ((cancer OR tumor OR tumour) AND (metastasis OR metastatic OR premetastatic OR organotropism OR dissemination)) AND (CD81) AND (biomarker OR diagnostic OR prognostic OR plasma OR serum OR blood),53
CD81,Protein,tumor_metastasis,mechanistic,(extracellular vesicle OR exosome OR exosomes) AND ((cancer OR tumor OR tumour) AND (metastasis OR metastatic OR premetastatic OR organotropism OR dissemination)) AND (CD81) AND (knockdown OR overexpression OR inhibitor OR mediates OR transfer OR delivery OR caus*),34
CD81,Protein,cardiac_repair,base,(extracellular vesicle OR exosome OR exosomes) AND ((myocardial infarction OR ischemia-reperfusion OR heart failure OR cardiac injury) AND (repair OR regeneration OR cardioprotection OR post-infarction)) AND (CD81),16
CD81,Protein,cardiac_repair,biomarker,(extracellular vesicle OR exosome OR exosomes) AND ((myocardial infarction OR ischemia-reperfusion OR heart failure OR cardiac injury) AND (repair OR regeneration OR cardioprotection OR post-infarction)) AND (CD81) AND (biomarker OR diagnostic OR prognostic OR plasma OR serum OR blood),14
CD81,Protein,cardiac_repair,mechanistic,(extracellular vesicle OR exosome OR exosomes) AND ((myocardial infarction OR ischemia-reperfusion OR heart failure OR cardiac injury) AND (repair OR regeneration OR cardioprotection OR post-infarction)) AND (CD81) AND (knockdown OR overexpression OR inhibitor OR mediates OR transfer OR delivery OR caus*),13
